<?xml version="1.0" encoding="UTF-8" standalone="yes"?>
<trpDocMetadata>
    <docId>732612</docId>
    <title>01_Transkription_Bamberg_Stabi_Can_6</title>
    <uploadTimestamp>1626934979932</uploadTimestamp>
    <scriptType>HANDWRITTEN</scriptType>
    <uploader>michael.schonhardt@googlemail.com</uploader>
    <uploaderId>19940</uploaderId>
    <nrOfPages>632</nrOfPages>
    <pageId>27997575</pageId>
    <url>https://files.transkribus.eu/Get?fileType=view&amp;id=HXSHCTLCLLGNEVJDDYVSDEQH</url>
    <thumbUrl>https://files.transkribus.eu/Get?fileType=thumb&amp;id=HXSHCTLCLLGNEVJDDYVSDEQH</thumbUrl>
    <externalId>NA</externalId>
    <authority>NA</authority>
    <status>0</status>
    <fimgStoreColl>TrpDoc_DEA_732612</fimgStoreColl>
    <origDocId>0</origDocId>
    <collectionList>
        <colList>
            <colId>80437</colId>
            <colName>BDD</colName>
            <description>created by michael.schonhardt@googlemail.com</description>
            <crowdsourcing>false</crowdsourcing>
            <elearning>false</elearning>
            <nrOfDocuments>0</nrOfDocuments>
        </colList>
    </collectionList>
</trpDocMetadata>
