<?xml version="1.0" encoding="UTF-8" standalone="yes"?>
<ns3:mets xmlns:ns2="http://www.w3.org/1999/xlink" xmlns:ns3="http://www.loc.gov/METS/" xmlns:xsi="http://www.w3.org/2001/XMLSchema-instance" OBJID="732612" LABEL="01_Transkription_Bamberg_Stabi_Can_6" PROFILE="TRP_V1" xsi:schemaLocation="http://www.loc.gov/METS/ http://www.loc.gov/standards/mets/mets.xsd">
    <ns3:metsHdr CREATEDATE="2023-02-20T10:03:19.696+01:00" LASTMODDATE="2023-02-20T10:03:19.696+01:00" RECORDSTATUS="SUBMITTED">
        <ns3:agent ROLE="CREATOR" TYPE="ORGANIZATION">
            <ns3:name>UIBK</ns3:name>
            <ns3:note>This METS file was generated by Transkribus</ns3:note>
        </ns3:agent>
    </ns3:metsHdr>
    <ns3:amdSec ID="SOURCE">
        <ns3:sourceMD ID="MD_ORIG">
            <ns3:mdWrap ID="TRP_DOC_MD" MDTYPE="OTHER">
                <ns3:xmlData>
                    <trpDocMetadata>
                        <docId>732612</docId>
                        <title>01_Transkription_Bamberg_Stabi_Can_6</title>
                        <uploadTimestamp>1626934979932</uploadTimestamp>
                        <scriptType>HANDWRITTEN</scriptType>
                        <uploader>michael.schonhardt@googlemail.com</uploader>
                        <uploaderId>19940</uploaderId>
                        <nrOfPages>632</nrOfPages>
                        <pageId>27997575</pageId>
                        <url>https://files.transkribus.eu/Get?fileType=view&amp;id=HXSHCTLCLLGNEVJDDYVSDEQH</url>
                        <thumbUrl>https://files.transkribus.eu/Get?fileType=thumb&amp;id=HXSHCTLCLLGNEVJDDYVSDEQH</thumbUrl>
                        <externalId>NA</externalId>
                        <authority>NA</authority>
                        <status>0</status>
                        <fimgStoreColl>TrpDoc_DEA_732612</fimgStoreColl>
                        <localFolder>/mnt/transkribus/export/TRP_EXPORT_479194532706489181/732612/01_Transkription_Bamberg_Stabi_Can_6</localFolder>
                        <origDocId>0</origDocId>
                        <collectionList>
                            <colList>
<colId>80437</colId>
<colName>BDD</colName>
<description>created by michael.schonhardt@googlemail.com</description>
<crowdsourcing>false</crowdsourcing>
<elearning>false</elearning>
<nrOfDocuments>0</nrOfDocuments>
                            </colList>
                        </collectionList>
                    </trpDocMetadata>
                </ns3:xmlData>
            </ns3:mdWrap>
        </ns3:sourceMD>
    </ns3:amdSec>
    <ns3:fileSec>
        <ns3:fileGrp ID="MASTER">
            <ns3:fileGrp ID="PAGEXML">
                <ns3:file ID="PAGEXML_569" SEQ="569" MIMETYPE="application/xml" CREATED="2023-02-20T10:03:19.000+01:00" CHECKSUM="05f999013da0594478b290c7ce1c4956" CHECKSUMTYPE="MD5">
                    <ns3:FLocat LOCTYPE="OTHER" OTHERLOCTYPE="FILE" ns2:type="simple" ns2:href="page/00569.xml"/>
                </ns3:file>
                <ns3:file ID="PAGEXML_570" SEQ="570" MIMETYPE="application/xml" CREATED="2023-02-20T10:03:19.000+01:00" CHECKSUM="08c6e1c51945a00914c4913f23cbb585" CHECKSUMTYPE="MD5">
                    <ns3:FLocat LOCTYPE="OTHER" OTHERLOCTYPE="FILE" ns2:type="simple" ns2:href="page/00570.xml"/>
                </ns3:file>
                <ns3:file ID="PAGEXML_571" SEQ="571" MIMETYPE="application/xml" CREATED="2023-02-20T10:03:19.000+01:00" CHECKSUM="2132b1689c72c45889b42fbdb5e99c03" CHECKSUMTYPE="MD5">
                    <ns3:FLocat LOCTYPE="OTHER" OTHERLOCTYPE="FILE" ns2:type="simple" ns2:href="page/00571.xml"/>
                </ns3:file>
                <ns3:file ID="PAGEXML_572" SEQ="572" MIMETYPE="application/xml" CREATED="2023-02-20T10:03:19.000+01:00" CHECKSUM="2447af0391d17af990204dad8a2205e2" CHECKSUMTYPE="MD5">
                    <ns3:FLocat LOCTYPE="OTHER" OTHERLOCTYPE="FILE" ns2:type="simple" ns2:href="page/00572.xml"/>
                </ns3:file>
                <ns3:file ID="PAGEXML_573" SEQ="573" MIMETYPE="application/xml" CREATED="2023-02-20T10:03:19.000+01:00" CHECKSUM="f33769d4b7b3c6234029793b0db3dd56" CHECKSUMTYPE="MD5">
                    <ns3:FLocat LOCTYPE="OTHER" OTHERLOCTYPE="FILE" ns2:type="simple" ns2:href="page/00573.xml"/>
                </ns3:file>
                <ns3:file ID="PAGEXML_574" SEQ="574" MIMETYPE="application/xml" CREATED="2023-02-20T10:03:19.000+01:00" CHECKSUM="bd754a7ab4ca67fd2c52c4179afab42c" CHECKSUMTYPE="MD5">
                    <ns3:FLocat LOCTYPE="OTHER" OTHERLOCTYPE="FILE" ns2:type="simple" ns2:href="page/00574.xml"/>
                </ns3:file>
                <ns3:file ID="PAGEXML_575" SEQ="575" MIMETYPE="application/xml" CREATED="2023-02-20T10:03:19.000+01:00" CHECKSUM="725992b8eaacfeeaa2380e988139f653" CHECKSUMTYPE="MD5">
                    <ns3:FLocat LOCTYPE="OTHER" OTHERLOCTYPE="FILE" ns2:type="simple" ns2:href="page/00575.xml"/>
                </ns3:file>
                <ns3:file ID="PAGEXML_576" SEQ="576" MIMETYPE="application/xml" CREATED="2023-02-20T10:03:19.000+01:00" CHECKSUM="4cf9c490d2635ed36cbdd41155dbe5e9" CHECKSUMTYPE="MD5">
                    <ns3:FLocat LOCTYPE="OTHER" OTHERLOCTYPE="FILE" ns2:type="simple" ns2:href="page/00576.xml"/>
                </ns3:file>
                <ns3:file ID="PAGEXML_577" SEQ="577" MIMETYPE="application/xml" CREATED="2023-02-20T10:03:19.000+01:00" CHECKSUM="c6390c43ff6bfeeb652b7825533446f1" CHECKSUMTYPE="MD5">
                    <ns3:FLocat LOCTYPE="OTHER" OTHERLOCTYPE="FILE" ns2:type="simple" ns2:href="page/00577.xml"/>
                </ns3:file>
                <ns3:file ID="PAGEXML_578" SEQ="578" MIMETYPE="application/xml" CREATED="2023-02-20T10:03:19.000+01:00" CHECKSUM="83f1e25dd3ee74fb641caba7df498069" CHECKSUMTYPE="MD5">
                    <ns3:FLocat LOCTYPE="OTHER" OTHERLOCTYPE="FILE" ns2:type="simple" ns2:href="page/00578.xml"/>
                </ns3:file>
                <ns3:file ID="PAGEXML_579" SEQ="579" MIMETYPE="application/xml" CREATED="2023-02-20T10:03:19.000+01:00" CHECKSUM="de58c4a8256debaa1815ec02097ebbbf" CHECKSUMTYPE="MD5">
                    <ns3:FLocat LOCTYPE="OTHER" OTHERLOCTYPE="FILE" ns2:type="simple" ns2:href="page/00579.xml"/>
                </ns3:file>
                <ns3:file ID="PAGEXML_580" SEQ="580" MIMETYPE="application/xml" CREATED="2023-02-20T10:03:19.000+01:00" CHECKSUM="94d52a5e5500ce22252d5df34fae0818" CHECKSUMTYPE="MD5">
                    <ns3:FLocat LOCTYPE="OTHER" OTHERLOCTYPE="FILE" ns2:type="simple" ns2:href="page/00580.xml"/>
                </ns3:file>
                <ns3:file ID="PAGEXML_581" SEQ="581" MIMETYPE="application/xml" CREATED="2023-02-20T10:03:19.000+01:00" CHECKSUM="1e22d94556aff266c2fb38cc1319e497" CHECKSUMTYPE="MD5">
                    <ns3:FLocat LOCTYPE="OTHER" OTHERLOCTYPE="FILE" ns2:type="simple" ns2:href="page/00581.xml"/>
                </ns3:file>
                <ns3:file ID="PAGEXML_582" SEQ="582" MIMETYPE="application/xml" CREATED="2023-02-20T10:03:19.000+01:00" CHECKSUM="70e44e1dc6433d6cc94b383d6aa1af9d" CHECKSUMTYPE="MD5">
                    <ns3:FLocat LOCTYPE="OTHER" OTHERLOCTYPE="FILE" ns2:type="simple" ns2:href="page/00582.xml"/>
                </ns3:file>
                <ns3:file ID="PAGEXML_583" SEQ="583" MIMETYPE="application/xml" CREATED="2023-02-20T10:03:19.000+01:00" CHECKSUM="cde82016e25cbd6819130b478ccd238a" CHECKSUMTYPE="MD5">
                    <ns3:FLocat LOCTYPE="OTHER" OTHERLOCTYPE="FILE" ns2:type="simple" ns2:href="page/00583.xml"/>
                </ns3:file>
                <ns3:file ID="PAGEXML_584" SEQ="584" MIMETYPE="application/xml" CREATED="2023-02-20T10:03:19.000+01:00" CHECKSUM="f3c1fea905e3a48f9aa831691ae12991" CHECKSUMTYPE="MD5">
                    <ns3:FLocat LOCTYPE="OTHER" OTHERLOCTYPE="FILE" ns2:type="simple" ns2:href="page/00584.xml"/>
                </ns3:file>
                <ns3:file ID="PAGEXML_585" SEQ="585" MIMETYPE="application/xml" CREATED="2023-02-20T10:03:19.000+01:00" CHECKSUM="4eb9fcf9ae097ef18b2f495492062e66" CHECKSUMTYPE="MD5">
                    <ns3:FLocat LOCTYPE="OTHER" OTHERLOCTYPE="FILE" ns2:type="simple" ns2:href="page/00585.xml"/>
                </ns3:file>
                <ns3:file ID="PAGEXML_586" SEQ="586" MIMETYPE="application/xml" CREATED="2023-02-20T10:03:19.000+01:00" CHECKSUM="03efb97fd3315c500f8bf4add2776056" CHECKSUMTYPE="MD5">
                    <ns3:FLocat LOCTYPE="OTHER" OTHERLOCTYPE="FILE" ns2:type="simple" ns2:href="page/00586.xml"/>
                </ns3:file>
                <ns3:file ID="PAGEXML_587" SEQ="587" MIMETYPE="application/xml" CREATED="2023-02-20T10:03:19.000+01:00" CHECKSUM="2eb7a2cb05fcfe4d34cb194e3664243b" CHECKSUMTYPE="MD5">
                    <ns3:FLocat LOCTYPE="OTHER" OTHERLOCTYPE="FILE" ns2:type="simple" ns2:href="page/00587.xml"/>
                </ns3:file>
                <ns3:file ID="PAGEXML_588" SEQ="588" MIMETYPE="application/xml" CREATED="2023-02-20T10:03:19.000+01:00" CHECKSUM="b8b708621e9c466f6d06010ca887f7f2" CHECKSUMTYPE="MD5">
                    <ns3:FLocat LOCTYPE="OTHER" OTHERLOCTYPE="FILE" ns2:type="simple" ns2:href="page/00588.xml"/>
                </ns3:file>
                <ns3:file ID="PAGEXML_589" SEQ="589" MIMETYPE="application/xml" CREATED="2023-02-20T10:03:19.000+01:00" CHECKSUM="a9d37223ff1dfa30cbbd1799c84a390e" CHECKSUMTYPE="MD5">
                    <ns3:FLocat LOCTYPE="OTHER" OTHERLOCTYPE="FILE" ns2:type="simple" ns2:href="page/00589.xml"/>
                </ns3:file>
                <ns3:file ID="PAGEXML_590" SEQ="590" MIMETYPE="application/xml" CREATED="2023-02-20T10:03:19.000+01:00" CHECKSUM="18e9f41190fc31ac37e23a77e0660e92" CHECKSUMTYPE="MD5">
                    <ns3:FLocat LOCTYPE="OTHER" OTHERLOCTYPE="FILE" ns2:type="simple" ns2:href="page/00590.xml"/>
                </ns3:file>
                <ns3:file ID="PAGEXML_591" SEQ="591" MIMETYPE="application/xml" CREATED="2023-02-20T10:03:19.000+01:00" CHECKSUM="c4eedc2ce2ba3e6c5681976c708313a5" CHECKSUMTYPE="MD5">
                    <ns3:FLocat LOCTYPE="OTHER" OTHERLOCTYPE="FILE" ns2:type="simple" ns2:href="page/00591.xml"/>
                </ns3:file>
                <ns3:file ID="PAGEXML_592" SEQ="592" MIMETYPE="application/xml" CREATED="2023-02-20T10:03:19.000+01:00" CHECKSUM="915fa9e83909660d2ff975d666fc0ec5" CHECKSUMTYPE="MD5">
                    <ns3:FLocat LOCTYPE="OTHER" OTHERLOCTYPE="FILE" ns2:type="simple" ns2:href="page/00592.xml"/>
                </ns3:file>
                <ns3:file ID="PAGEXML_593" SEQ="593" MIMETYPE="application/xml" CREATED="2023-02-20T10:03:19.000+01:00" CHECKSUM="137e4f678c4c5307401fa64316c5da72" CHECKSUMTYPE="MD5">
                    <ns3:FLocat LOCTYPE="OTHER" OTHERLOCTYPE="FILE" ns2:type="simple" ns2:href="page/00593.xml"/>
                </ns3:file>
                <ns3:file ID="PAGEXML_594" SEQ="594" MIMETYPE="application/xml" CREATED="2023-02-20T10:03:19.000+01:00" CHECKSUM="57ae456935fa807630ac16a227a0225e" CHECKSUMTYPE="MD5">
                    <ns3:FLocat LOCTYPE="OTHER" OTHERLOCTYPE="FILE" ns2:type="simple" ns2:href="page/00594.xml"/>
                </ns3:file>
                <ns3:file ID="PAGEXML_595" SEQ="595" MIMETYPE="application/xml" CREATED="2023-02-20T10:03:19.000+01:00" CHECKSUM="b9aee16941a7c480c71631220e879155" CHECKSUMTYPE="MD5">
                    <ns3:FLocat LOCTYPE="OTHER" OTHERLOCTYPE="FILE" ns2:type="simple" ns2:href="page/00595.xml"/>
                </ns3:file>
                <ns3:file ID="PAGEXML_596" SEQ="596" MIMETYPE="application/xml" CREATED="2023-02-20T10:03:19.000+01:00" CHECKSUM="ce86415930c110090345e03a4effe10d" CHECKSUMTYPE="MD5">
                    <ns3:FLocat LOCTYPE="OTHER" OTHERLOCTYPE="FILE" ns2:type="simple" ns2:href="page/00596.xml"/>
                </ns3:file>
                <ns3:file ID="PAGEXML_597" SEQ="597" MIMETYPE="application/xml" CREATED="2023-02-20T10:03:19.000+01:00" CHECKSUM="4174d5f16fe2e1c155204f9ea49e2871" CHECKSUMTYPE="MD5">
                    <ns3:FLocat LOCTYPE="OTHER" OTHERLOCTYPE="FILE" ns2:type="simple" ns2:href="page/00597.xml"/>
                </ns3:file>
                <ns3:file ID="PAGEXML_598" SEQ="598" MIMETYPE="application/xml" CREATED="2023-02-20T10:03:19.000+01:00" CHECKSUM="3c5c149a11bc380b3bb16683029e235d" CHECKSUMTYPE="MD5">
                    <ns3:FLocat LOCTYPE="OTHER" OTHERLOCTYPE="FILE" ns2:type="simple" ns2:href="page/00598.xml"/>
                </ns3:file>
                <ns3:file ID="PAGEXML_599" SEQ="599" MIMETYPE="application/xml" CREATED="2023-02-20T10:03:19.000+01:00" CHECKSUM="150d9a815d0744714e1f12643fcead5e" CHECKSUMTYPE="MD5">
                    <ns3:FLocat LOCTYPE="OTHER" OTHERLOCTYPE="FILE" ns2:type="simple" ns2:href="page/00599.xml"/>
                </ns3:file>
                <ns3:file ID="PAGEXML_600" SEQ="600" MIMETYPE="application/xml" CREATED="2023-02-20T10:03:19.000+01:00" CHECKSUM="dde8e08cc0f13358c0210bc81f339ed0" CHECKSUMTYPE="MD5">
                    <ns3:FLocat LOCTYPE="OTHER" OTHERLOCTYPE="FILE" ns2:type="simple" ns2:href="page/00600.xml"/>
                </ns3:file>
                <ns3:file ID="PAGEXML_601" SEQ="601" MIMETYPE="application/xml" CREATED="2023-02-20T10:03:19.000+01:00" CHECKSUM="8c4db77c1e429a1162f3c5228dbe8121" CHECKSUMTYPE="MD5">
                    <ns3:FLocat LOCTYPE="OTHER" OTHERLOCTYPE="FILE" ns2:type="simple" ns2:href="page/00601.xml"/>
                </ns3:file>
                <ns3:file ID="PAGEXML_602" SEQ="602" MIMETYPE="application/xml" CREATED="2023-02-20T10:03:19.000+01:00" CHECKSUM="ab68bcd34079a4e3a6b2f5fbcbd08253" CHECKSUMTYPE="MD5">
                    <ns3:FLocat LOCTYPE="OTHER" OTHERLOCTYPE="FILE" ns2:type="simple" ns2:href="page/00602.xml"/>
                </ns3:file>
                <ns3:file ID="PAGEXML_603" SEQ="603" MIMETYPE="application/xml" CREATED="2023-02-20T10:03:19.000+01:00" CHECKSUM="fb41ff1865d64a4c58127657448196bc" CHECKSUMTYPE="MD5">
                    <ns3:FLocat LOCTYPE="OTHER" OTHERLOCTYPE="FILE" ns2:type="simple" ns2:href="page/00603.xml"/>
                </ns3:file>
                <ns3:file ID="PAGEXML_604" SEQ="604" MIMETYPE="application/xml" CREATED="2023-02-20T10:03:19.000+01:00" CHECKSUM="1294c6b7cbca527e418f26ccc71b9956" CHECKSUMTYPE="MD5">
                    <ns3:FLocat LOCTYPE="OTHER" OTHERLOCTYPE="FILE" ns2:type="simple" ns2:href="page/00604.xml"/>
                </ns3:file>
                <ns3:file ID="PAGEXML_605" SEQ="605" MIMETYPE="application/xml" CREATED="2023-02-20T10:03:19.000+01:00" CHECKSUM="80e00dafce214f14452da774b4c5b3d3" CHECKSUMTYPE="MD5">
                    <ns3:FLocat LOCTYPE="OTHER" OTHERLOCTYPE="FILE" ns2:type="simple" ns2:href="page/00605.xml"/>
                </ns3:file>
                <ns3:file ID="PAGEXML_606" SEQ="606" MIMETYPE="application/xml" CREATED="2023-02-20T10:03:19.000+01:00" CHECKSUM="dd1edd006e2af82fd6512b15293015b3" CHECKSUMTYPE="MD5">
                    <ns3:FLocat LOCTYPE="OTHER" OTHERLOCTYPE="FILE" ns2:type="simple" ns2:href="page/00606.xml"/>
                </ns3:file>
                <ns3:file ID="PAGEXML_607" SEQ="607" MIMETYPE="application/xml" CREATED="2023-02-20T10:03:19.000+01:00" CHECKSUM="5420bbe0eda0d17d7bc5571378829c84" CHECKSUMTYPE="MD5">
                    <ns3:FLocat LOCTYPE="OTHER" OTHERLOCTYPE="FILE" ns2:type="simple" ns2:href="page/00607.xml"/>
                </ns3:file>
                <ns3:file ID="PAGEXML_608" SEQ="608" MIMETYPE="application/xml" CREATED="2023-02-20T10:03:19.000+01:00" CHECKSUM="1770bf9f82a1996185ec77c6a5cccab0" CHECKSUMTYPE="MD5">
                    <ns3:FLocat LOCTYPE="OTHER" OTHERLOCTYPE="FILE" ns2:type="simple" ns2:href="page/00608.xml"/>
                </ns3:file>
                <ns3:file ID="PAGEXML_609" SEQ="609" MIMETYPE="application/xml" CREATED="2023-02-20T10:03:19.000+01:00" CHECKSUM="7c34f61ee898b958f30c1f4f8b2a5995" CHECKSUMTYPE="MD5">
                    <ns3:FLocat LOCTYPE="OTHER" OTHERLOCTYPE="FILE" ns2:type="simple" ns2:href="page/00609.xml"/>
                </ns3:file>
                <ns3:file ID="PAGEXML_610" SEQ="610" MIMETYPE="application/xml" CREATED="2023-02-20T10:03:19.000+01:00" CHECKSUM="c63cc494dd8de6311fc0a037ea46b5f2" CHECKSUMTYPE="MD5">
                    <ns3:FLocat LOCTYPE="OTHER" OTHERLOCTYPE="FILE" ns2:type="simple" ns2:href="page/00610.xml"/>
                </ns3:file>
                <ns3:file ID="PAGEXML_611" SEQ="611" MIMETYPE="application/xml" CREATED="2023-02-20T10:03:19.000+01:00" CHECKSUM="9e2cc8f29981b263d9f117893e496f25" CHECKSUMTYPE="MD5">
                    <ns3:FLocat LOCTYPE="OTHER" OTHERLOCTYPE="FILE" ns2:type="simple" ns2:href="page/00611.xml"/>
                </ns3:file>
                <ns3:file ID="PAGEXML_612" SEQ="612" MIMETYPE="application/xml" CREATED="2023-02-20T10:03:19.000+01:00" CHECKSUM="f9509f2044768359cbe8cec5500016e2" CHECKSUMTYPE="MD5">
                    <ns3:FLocat LOCTYPE="OTHER" OTHERLOCTYPE="FILE" ns2:type="simple" ns2:href="page/00612.xml"/>
                </ns3:file>
                <ns3:file ID="PAGEXML_613" SEQ="613" MIMETYPE="application/xml" CREATED="2023-02-20T10:03:19.000+01:00" CHECKSUM="62f09e95166d48881ed95d38db8c5cfa" CHECKSUMTYPE="MD5">
                    <ns3:FLocat LOCTYPE="OTHER" OTHERLOCTYPE="FILE" ns2:type="simple" ns2:href="page/00613.xml"/>
                </ns3:file>
                <ns3:file ID="PAGEXML_614" SEQ="614" MIMETYPE="application/xml" CREATED="2023-02-20T10:03:19.000+01:00" CHECKSUM="c1bd31d0fae3a6c283af9d2b48e7caf5" CHECKSUMTYPE="MD5">
                    <ns3:FLocat LOCTYPE="OTHER" OTHERLOCTYPE="FILE" ns2:type="simple" ns2:href="page/00614.xml"/>
                </ns3:file>
                <ns3:file ID="PAGEXML_615" SEQ="615" MIMETYPE="application/xml" CREATED="2023-02-20T10:03:19.000+01:00" CHECKSUM="2a8444c8f7af71534e279137ce97da72" CHECKSUMTYPE="MD5">
                    <ns3:FLocat LOCTYPE="OTHER" OTHERLOCTYPE="FILE" ns2:type="simple" ns2:href="page/00615.xml"/>
                </ns3:file>
                <ns3:file ID="PAGEXML_616" SEQ="616" MIMETYPE="application/xml" CREATED="2023-02-20T10:03:19.000+01:00" CHECKSUM="1a2b91431689ce63140068f36d8f9261" CHECKSUMTYPE="MD5">
                    <ns3:FLocat LOCTYPE="OTHER" OTHERLOCTYPE="FILE" ns2:type="simple" ns2:href="page/00616.xml"/>
                </ns3:file>
                <ns3:file ID="PAGEXML_617" SEQ="617" MIMETYPE="application/xml" CREATED="2023-02-20T10:03:19.000+01:00" CHECKSUM="09f14a500028a0f7a7e50c9c9663219c" CHECKSUMTYPE="MD5">
                    <ns3:FLocat LOCTYPE="OTHER" OTHERLOCTYPE="FILE" ns2:type="simple" ns2:href="page/00617.xml"/>
                </ns3:file>
                <ns3:file ID="PAGEXML_618" SEQ="618" MIMETYPE="application/xml" CREATED="2023-02-20T10:03:19.000+01:00" CHECKSUM="3caf33a4d11c690877df69e827bd0c44" CHECKSUMTYPE="MD5">
                    <ns3:FLocat LOCTYPE="OTHER" OTHERLOCTYPE="FILE" ns2:type="simple" ns2:href="page/00618.xml"/>
                </ns3:file>
                <ns3:file ID="PAGEXML_619" SEQ="619" MIMETYPE="application/xml" CREATED="2023-02-20T10:03:19.000+01:00" CHECKSUM="fe30da3346145a2f1bedd71e1e6ddf90" CHECKSUMTYPE="MD5">
                    <ns3:FLocat LOCTYPE="OTHER" OTHERLOCTYPE="FILE" ns2:type="simple" ns2:href="page/00619.xml"/>
                </ns3:file>
                <ns3:file ID="PAGEXML_620" SEQ="620" MIMETYPE="application/xml" CREATED="2023-02-20T10:03:19.000+01:00" CHECKSUM="1b3640cc491cb753b1bd2a26158bffef" CHECKSUMTYPE="MD5">
                    <ns3:FLocat LOCTYPE="OTHER" OTHERLOCTYPE="FILE" ns2:type="simple" ns2:href="page/00620.xml"/>
                </ns3:file>
                <ns3:file ID="PAGEXML_621" SEQ="621" MIMETYPE="application/xml" CREATED="2023-02-20T10:03:19.000+01:00" CHECKSUM="e0657217d54c83af6c8cfb8ada135c2a" CHECKSUMTYPE="MD5">
                    <ns3:FLocat LOCTYPE="OTHER" OTHERLOCTYPE="FILE" ns2:type="simple" ns2:href="page/00621.xml"/>
                </ns3:file>
                <ns3:file ID="PAGEXML_622" SEQ="622" MIMETYPE="application/xml" CREATED="2023-02-20T10:03:19.000+01:00" CHECKSUM="08bab484590942b16017802233f274c3" CHECKSUMTYPE="MD5">
                    <ns3:FLocat LOCTYPE="OTHER" OTHERLOCTYPE="FILE" ns2:type="simple" ns2:href="page/00622.xml"/>
                </ns3:file>
                <ns3:file ID="PAGEXML_623" SEQ="623" MIMETYPE="application/xml" CREATED="2023-02-20T10:03:19.000+01:00" CHECKSUM="08df7ee62ebc789d846b7606b6c22076" CHECKSUMTYPE="MD5">
                    <ns3:FLocat LOCTYPE="OTHER" OTHERLOCTYPE="FILE" ns2:type="simple" ns2:href="page/00623.xml"/>
                </ns3:file>
                <ns3:file ID="PAGEXML_624" SEQ="624" MIMETYPE="application/xml" CREATED="2023-02-20T10:03:19.000+01:00" CHECKSUM="6e0ab0358b82b37ff7c6e030f1af005e" CHECKSUMTYPE="MD5">
                    <ns3:FLocat LOCTYPE="OTHER" OTHERLOCTYPE="FILE" ns2:type="simple" ns2:href="page/00624.xml"/>
                </ns3:file>
                <ns3:file ID="PAGEXML_625" SEQ="625" MIMETYPE="application/xml" CREATED="2023-02-20T10:03:19.000+01:00" CHECKSUM="5d01d871332c5a1e01e31e13aa060704" CHECKSUMTYPE="MD5">
                    <ns3:FLocat LOCTYPE="OTHER" OTHERLOCTYPE="FILE" ns2:type="simple" ns2:href="page/00625.xml"/>
                </ns3:file>
                <ns3:file ID="PAGEXML_626" SEQ="626" MIMETYPE="application/xml" CREATED="2023-02-20T10:03:19.000+01:00" CHECKSUM="8b8303061034e61f67b76264bc4a27b8" CHECKSUMTYPE="MD5">
                    <ns3:FLocat LOCTYPE="OTHER" OTHERLOCTYPE="FILE" ns2:type="simple" ns2:href="page/00626.xml"/>
                </ns3:file>
                <ns3:file ID="PAGEXML_627" SEQ="627" MIMETYPE="application/xml" CREATED="2023-02-20T10:03:19.000+01:00" CHECKSUM="76e721937a8898bf7cedf6c67a3d66a2" CHECKSUMTYPE="MD5">
                    <ns3:FLocat LOCTYPE="OTHER" OTHERLOCTYPE="FILE" ns2:type="simple" ns2:href="page/00627.xml"/>
                </ns3:file>
            </ns3:fileGrp>
        </ns3:fileGrp>
    </ns3:fileSec>
    <ns3:structMap ID="TRP_STRUCTMAP" TYPE="MANUSCRIPT">
        <ns3:div ID="TRP_DOC_DIV" ADMID="MD_ORIG">
            <ns3:div ID="PAGE_569" ORDER="569" TYPE="SINGLE_PAGE">
                <ns3:fptr>
                    <ns3:area FILEID="PAGEXML_569"/>
                </ns3:fptr>
            </ns3:div>
            <ns3:div ID="PAGE_570" ORDER="570" TYPE="SINGLE_PAGE">
                <ns3:fptr>
                    <ns3:area FILEID="PAGEXML_570"/>
                </ns3:fptr>
            </ns3:div>
            <ns3:div ID="PAGE_571" ORDER="571" TYPE="SINGLE_PAGE">
                <ns3:fptr>
                    <ns3:area FILEID="PAGEXML_571"/>
                </ns3:fptr>
            </ns3:div>
            <ns3:div ID="PAGE_572" ORDER="572" TYPE="SINGLE_PAGE">
                <ns3:fptr>
                    <ns3:area FILEID="PAGEXML_572"/>
                </ns3:fptr>
            </ns3:div>
            <ns3:div ID="PAGE_573" ORDER="573" TYPE="SINGLE_PAGE">
                <ns3:fptr>
                    <ns3:area FILEID="PAGEXML_573"/>
                </ns3:fptr>
            </ns3:div>
            <ns3:div ID="PAGE_574" ORDER="574" TYPE="SINGLE_PAGE">
                <ns3:fptr>
                    <ns3:area FILEID="PAGEXML_574"/>
                </ns3:fptr>
            </ns3:div>
            <ns3:div ID="PAGE_575" ORDER="575" TYPE="SINGLE_PAGE">
                <ns3:fptr>
                    <ns3:area FILEID="PAGEXML_575"/>
                </ns3:fptr>
            </ns3:div>
            <ns3:div ID="PAGE_576" ORDER="576" TYPE="SINGLE_PAGE">
                <ns3:fptr>
                    <ns3:area FILEID="PAGEXML_576"/>
                </ns3:fptr>
            </ns3:div>
            <ns3:div ID="PAGE_577" ORDER="577" TYPE="SINGLE_PAGE">
                <ns3:fptr>
                    <ns3:area FILEID="PAGEXML_577"/>
                </ns3:fptr>
            </ns3:div>
            <ns3:div ID="PAGE_578" ORDER="578" TYPE="SINGLE_PAGE">
                <ns3:fptr>
                    <ns3:area FILEID="PAGEXML_578"/>
                </ns3:fptr>
            </ns3:div>
            <ns3:div ID="PAGE_579" ORDER="579" TYPE="SINGLE_PAGE">
                <ns3:fptr>
                    <ns3:area FILEID="PAGEXML_579"/>
                </ns3:fptr>
            </ns3:div>
            <ns3:div ID="PAGE_580" ORDER="580" TYPE="SINGLE_PAGE">
                <ns3:fptr>
                    <ns3:area FILEID="PAGEXML_580"/>
                </ns3:fptr>
            </ns3:div>
            <ns3:div ID="PAGE_581" ORDER="581" TYPE="SINGLE_PAGE">
                <ns3:fptr>
                    <ns3:area FILEID="PAGEXML_581"/>
                </ns3:fptr>
            </ns3:div>
            <ns3:div ID="PAGE_582" ORDER="582" TYPE="SINGLE_PAGE">
                <ns3:fptr>
                    <ns3:area FILEID="PAGEXML_582"/>
                </ns3:fptr>
            </ns3:div>
            <ns3:div ID="PAGE_583" ORDER="583" TYPE="SINGLE_PAGE">
                <ns3:fptr>
                    <ns3:area FILEID="PAGEXML_583"/>
                </ns3:fptr>
            </ns3:div>
            <ns3:div ID="PAGE_584" ORDER="584" TYPE="SINGLE_PAGE">
                <ns3:fptr>
                    <ns3:area FILEID="PAGEXML_584"/>
                </ns3:fptr>
            </ns3:div>
            <ns3:div ID="PAGE_585" ORDER="585" TYPE="SINGLE_PAGE">
                <ns3:fptr>
                    <ns3:area FILEID="PAGEXML_585"/>
                </ns3:fptr>
            </ns3:div>
            <ns3:div ID="PAGE_586" ORDER="586" TYPE="SINGLE_PAGE">
                <ns3:fptr>
                    <ns3:area FILEID="PAGEXML_586"/>
                </ns3:fptr>
            </ns3:div>
            <ns3:div ID="PAGE_587" ORDER="587" TYPE="SINGLE_PAGE">
                <ns3:fptr>
                    <ns3:area FILEID="PAGEXML_587"/>
                </ns3:fptr>
            </ns3:div>
            <ns3:div ID="PAGE_588" ORDER="588" TYPE="SINGLE_PAGE">
                <ns3:fptr>
                    <ns3:area FILEID="PAGEXML_588"/>
                </ns3:fptr>
            </ns3:div>
            <ns3:div ID="PAGE_589" ORDER="589" TYPE="SINGLE_PAGE">
                <ns3:fptr>
                    <ns3:area FILEID="PAGEXML_589"/>
                </ns3:fptr>
            </ns3:div>
            <ns3:div ID="PAGE_590" ORDER="590" TYPE="SINGLE_PAGE">
                <ns3:fptr>
                    <ns3:area FILEID="PAGEXML_590"/>
                </ns3:fptr>
            </ns3:div>
            <ns3:div ID="PAGE_591" ORDER="591" TYPE="SINGLE_PAGE">
                <ns3:fptr>
                    <ns3:area FILEID="PAGEXML_591"/>
                </ns3:fptr>
            </ns3:div>
            <ns3:div ID="PAGE_592" ORDER="592" TYPE="SINGLE_PAGE">
                <ns3:fptr>
                    <ns3:area FILEID="PAGEXML_592"/>
                </ns3:fptr>
            </ns3:div>
            <ns3:div ID="PAGE_593" ORDER="593" TYPE="SINGLE_PAGE">
                <ns3:fptr>
                    <ns3:area FILEID="PAGEXML_593"/>
                </ns3:fptr>
            </ns3:div>
            <ns3:div ID="PAGE_594" ORDER="594" TYPE="SINGLE_PAGE">
                <ns3:fptr>
                    <ns3:area FILEID="PAGEXML_594"/>
                </ns3:fptr>
            </ns3:div>
            <ns3:div ID="PAGE_595" ORDER="595" TYPE="SINGLE_PAGE">
                <ns3:fptr>
                    <ns3:area FILEID="PAGEXML_595"/>
                </ns3:fptr>
            </ns3:div>
            <ns3:div ID="PAGE_596" ORDER="596" TYPE="SINGLE_PAGE">
                <ns3:fptr>
                    <ns3:area FILEID="PAGEXML_596"/>
                </ns3:fptr>
            </ns3:div>
            <ns3:div ID="PAGE_597" ORDER="597" TYPE="SINGLE_PAGE">
                <ns3:fptr>
                    <ns3:area FILEID="PAGEXML_597"/>
                </ns3:fptr>
            </ns3:div>
            <ns3:div ID="PAGE_598" ORDER="598" TYPE="SINGLE_PAGE">
                <ns3:fptr>
                    <ns3:area FILEID="PAGEXML_598"/>
                </ns3:fptr>
            </ns3:div>
            <ns3:div ID="PAGE_599" ORDER="599" TYPE="SINGLE_PAGE">
                <ns3:fptr>
                    <ns3:area FILEID="PAGEXML_599"/>
                </ns3:fptr>
            </ns3:div>
            <ns3:div ID="PAGE_600" ORDER="600" TYPE="SINGLE_PAGE">
                <ns3:fptr>
                    <ns3:area FILEID="PAGEXML_600"/>
                </ns3:fptr>
            </ns3:div>
            <ns3:div ID="PAGE_601" ORDER="601" TYPE="SINGLE_PAGE">
                <ns3:fptr>
                    <ns3:area FILEID="PAGEXML_601"/>
                </ns3:fptr>
            </ns3:div>
            <ns3:div ID="PAGE_602" ORDER="602" TYPE="SINGLE_PAGE">
                <ns3:fptr>
                    <ns3:area FILEID="PAGEXML_602"/>
                </ns3:fptr>
            </ns3:div>
            <ns3:div ID="PAGE_603" ORDER="603" TYPE="SINGLE_PAGE">
                <ns3:fptr>
                    <ns3:area FILEID="PAGEXML_603"/>
                </ns3:fptr>
            </ns3:div>
            <ns3:div ID="PAGE_604" ORDER="604" TYPE="SINGLE_PAGE">
                <ns3:fptr>
                    <ns3:area FILEID="PAGEXML_604"/>
                </ns3:fptr>
            </ns3:div>
            <ns3:div ID="PAGE_605" ORDER="605" TYPE="SINGLE_PAGE">
                <ns3:fptr>
                    <ns3:area FILEID="PAGEXML_605"/>
                </ns3:fptr>
            </ns3:div>
            <ns3:div ID="PAGE_606" ORDER="606" TYPE="SINGLE_PAGE">
                <ns3:fptr>
                    <ns3:area FILEID="PAGEXML_606"/>
                </ns3:fptr>
            </ns3:div>
            <ns3:div ID="PAGE_607" ORDER="607" TYPE="SINGLE_PAGE">
                <ns3:fptr>
                    <ns3:area FILEID="PAGEXML_607"/>
                </ns3:fptr>
            </ns3:div>
            <ns3:div ID="PAGE_608" ORDER="608" TYPE="SINGLE_PAGE">
                <ns3:fptr>
                    <ns3:area FILEID="PAGEXML_608"/>
                </ns3:fptr>
            </ns3:div>
            <ns3:div ID="PAGE_609" ORDER="609" TYPE="SINGLE_PAGE">
                <ns3:fptr>
                    <ns3:area FILEID="PAGEXML_609"/>
                </ns3:fptr>
            </ns3:div>
            <ns3:div ID="PAGE_610" ORDER="610" TYPE="SINGLE_PAGE">
                <ns3:fptr>
                    <ns3:area FILEID="PAGEXML_610"/>
                </ns3:fptr>
            </ns3:div>
            <ns3:div ID="PAGE_611" ORDER="611" TYPE="SINGLE_PAGE">
                <ns3:fptr>
                    <ns3:area FILEID="PAGEXML_611"/>
                </ns3:fptr>
            </ns3:div>
            <ns3:div ID="PAGE_612" ORDER="612" TYPE="SINGLE_PAGE">
                <ns3:fptr>
                    <ns3:area FILEID="PAGEXML_612"/>
                </ns3:fptr>
            </ns3:div>
            <ns3:div ID="PAGE_613" ORDER="613" TYPE="SINGLE_PAGE">
                <ns3:fptr>
                    <ns3:area FILEID="PAGEXML_613"/>
                </ns3:fptr>
            </ns3:div>
            <ns3:div ID="PAGE_614" ORDER="614" TYPE="SINGLE_PAGE">
                <ns3:fptr>
                    <ns3:area FILEID="PAGEXML_614"/>
                </ns3:fptr>
            </ns3:div>
            <ns3:div ID="PAGE_615" ORDER="615" TYPE="SINGLE_PAGE">
                <ns3:fptr>
                    <ns3:area FILEID="PAGEXML_615"/>
                </ns3:fptr>
            </ns3:div>
            <ns3:div ID="PAGE_616" ORDER="616" TYPE="SINGLE_PAGE">
                <ns3:fptr>
                    <ns3:area FILEID="PAGEXML_616"/>
                </ns3:fptr>
            </ns3:div>
            <ns3:div ID="PAGE_617" ORDER="617" TYPE="SINGLE_PAGE">
                <ns3:fptr>
                    <ns3:area FILEID="PAGEXML_617"/>
                </ns3:fptr>
            </ns3:div>
            <ns3:div ID="PAGE_618" ORDER="618" TYPE="SINGLE_PAGE">
                <ns3:fptr>
                    <ns3:area FILEID="PAGEXML_618"/>
                </ns3:fptr>
            </ns3:div>
            <ns3:div ID="PAGE_619" ORDER="619" TYPE="SINGLE_PAGE">
                <ns3:fptr>
                    <ns3:area FILEID="PAGEXML_619"/>
                </ns3:fptr>
            </ns3:div>
            <ns3:div ID="PAGE_620" ORDER="620" TYPE="SINGLE_PAGE">
                <ns3:fptr>
                    <ns3:area FILEID="PAGEXML_620"/>
                </ns3:fptr>
            </ns3:div>
            <ns3:div ID="PAGE_621" ORDER="621" TYPE="SINGLE_PAGE">
                <ns3:fptr>
                    <ns3:area FILEID="PAGEXML_621"/>
                </ns3:fptr>
            </ns3:div>
            <ns3:div ID="PAGE_622" ORDER="622" TYPE="SINGLE_PAGE">
                <ns3:fptr>
                    <ns3:area FILEID="PAGEXML_622"/>
                </ns3:fptr>
            </ns3:div>
            <ns3:div ID="PAGE_623" ORDER="623" TYPE="SINGLE_PAGE">
                <ns3:fptr>
                    <ns3:area FILEID="PAGEXML_623"/>
                </ns3:fptr>
            </ns3:div>
            <ns3:div ID="PAGE_624" ORDER="624" TYPE="SINGLE_PAGE">
                <ns3:fptr>
                    <ns3:area FILEID="PAGEXML_624"/>
                </ns3:fptr>
            </ns3:div>
            <ns3:div ID="PAGE_625" ORDER="625" TYPE="SINGLE_PAGE">
                <ns3:fptr>
                    <ns3:area FILEID="PAGEXML_625"/>
                </ns3:fptr>
            </ns3:div>
            <ns3:div ID="PAGE_626" ORDER="626" TYPE="SINGLE_PAGE">
                <ns3:fptr>
                    <ns3:area FILEID="PAGEXML_626"/>
                </ns3:fptr>
            </ns3:div>
            <ns3:div ID="PAGE_627" ORDER="627" TYPE="SINGLE_PAGE">
                <ns3:fptr>
                    <ns3:area FILEID="PAGEXML_627"/>
                </ns3:fptr>
            </ns3:div>
        </ns3:div>
    </ns3:structMap>
</ns3:mets>
