<?xml version="1.0" encoding="UTF-8" standalone="yes"?>
<PcGts xmlns="http://schema.primaresearch.org/PAGE/gts/pagecontent/2013-07-15" xmlns:xsi="http://www.w3.org/2001/XMLSchema-instance" xsi:schemaLocation="http://schema.primaresearch.org/PAGE/gts/pagecontent/2013-07-15 http://schema.primaresearch.org/PAGE/gts/pagecontent/2013-07-15/pagecontent.xsd">
    <Metadata>
        <Creator>prov=University of Rostock/Institute of Mathematics/CITlab|PLANET AI GmbH/Gundram Leifert/gundram.leifert@planet-ai.de:name=bdd-wormser-scriptorium-0.1(htr_id=45584)::::v=2.6.7
prov=University of Rostock/Institute of Mathematics/CITlab|PLANET AI GmbH/Tobias Gruening/tobias.gruening@planet-ai.de:name=de.uros.citlab.module.baseline2polygon.B2PSeamMultiOriented:v=2.6.7
prov=University of Rostock/Institute of Mathematics/CITlab|PLANET AI GmbH/Tobias Gruening/tobias.gruening@planet-ai.de:name=/net_tf/LA73_249_0mod360.pb:de.uros.citlab.segmentation.CITlab_LA_ML:v=2.6.7
prov=University of Rostock/Institute of Mathematics/CITlab|PLANET AI GmbH/Tobias Gruening/tobias.gruening@planet-ai.de:name=/net_tf/LA73_249_0mod360.pb:de.uros.citlab.segmentation.CITlab_LA_ML:v=2.6.7
prov=University of Rostock/Institute of Mathematics/CITlab|PLANET AI GmbH/Tobias Gruening/tobias.gruening@planet-ai.de:name=/net_tf/LA73_249_0mod360.pb:de.uros.citlab.segmentation.CITlab_LA_ML:v=2.6.7
P2PaLA-PRHLT</Creator>
        <Created>2022-10-21T09:48:22</Created>
        <LastChange>2023-01-12T09:03:51.870+01:00</LastChange>
        <TranskribusMetadata docId="732612" pageId="27998183" pageNr="569" tsid="108955756" status="FINAL" userId="19940" imgUrl="https://files.transkribus.eu/Get?id=MKNTLCZAQZEYANUXHCMLATVJ&amp;fileType=view" xmlUrl="https://files.transkribus.eu/Get?id=TZADTHDUTJLQPLEPZRATNAZR" imageId="21791149"/>
    </Metadata>
    <Page imageFilename="00569.jpg" imageWidth="1500" imageHeight="1848">
        <ReadingOrder>
            <OrderedGroup id="ro_1676883799099" caption="Regions reading order">
                <RegionRefIndexed index="0" regionRef="TextRegion_1666693736309_192"/>
                <RegionRefIndexed index="1" regionRef="TextRegion_1666693859952_427"/>
                <RegionRefIndexed index="2" regionRef="TextRegion_1666693859951_426"/>
                <RegionRefIndexed index="3" regionRef="TextRegion_1666693859205_422"/>
                <RegionRefIndexed index="4" regionRef="TextRegion_1666693858631_418"/>
                <RegionRefIndexed index="5" regionRef="TextRegion_1666693857855_410"/>
                <RegionRefIndexed index="6" regionRef="TextRegion_1666693856093_406"/>
                <RegionRefIndexed index="7" regionRef="TextRegion_1666693855531_402"/>
                <RegionRefIndexed index="8" regionRef="TextRegion_1666693854705_398"/>
                <RegionRefIndexed index="9" regionRef="TextRegion_1666693853787_394"/>
                <RegionRefIndexed index="10" regionRef="TextRegion_1666693848724_390"/>
                <RegionRefIndexed index="11" regionRef="TextRegion_1666693848724_389"/>
                <RegionRefIndexed index="12" regionRef="TextRegion_1666693847749_385"/>
                <RegionRefIndexed index="13" regionRef="TextRegion_1666693847201_381"/>
                <RegionRefIndexed index="14" regionRef="TextRegion_1666693845881_377"/>
                <RegionRefIndexed index="15" regionRef="rLUYm_5"/>
                <RegionRefIndexed index="16" regionRef="TextRegion_1666693744498_202"/>
                <RegionRefIndexed index="17" regionRef="r8h3t_6"/>
                <RegionRefIndexed index="18" regionRef="TextRegion_1666693766962_293"/>
                <RegionRefIndexed index="19" regionRef="TextRegion_1666693766961_292"/>
                <RegionRefIndexed index="20" regionRef="TextRegion_1666693765836_284"/>
                <RegionRefIndexed index="21" regionRef="TextRegion_1666693764865_278"/>
                <RegionRefIndexed index="22" regionRef="TextRegion_1666693763695_274"/>
                <RegionRefIndexed index="23" regionRef="TextRegion_1666693762698_270"/>
                <RegionRefIndexed index="24" regionRef="TextRegion_1666693761788_264"/>
                <RegionRefIndexed index="25" regionRef="TextRegion_1666693760186_258"/>
                <RegionRefIndexed index="26" regionRef="TextRegion_1666693759252_254"/>
                <RegionRefIndexed index="27" regionRef="TextRegion_1666693757642_250"/>
                <RegionRefIndexed index="28" regionRef="TextRegion_1666693756966_246"/>
                <RegionRefIndexed index="29" regionRef="TextRegion_1666693756293_242"/>
                <RegionRefIndexed index="30" regionRef="TextRegion_1666693755547_236"/>
                <RegionRefIndexed index="31" regionRef="TextRegion_1666693753990_232"/>
                <RegionRefIndexed index="32" regionRef="TextRegion_1666693774326_300"/>
                <RegionRefIndexed index="33" regionRef="TextRegion_1666693774325_299"/>
                <RegionRefIndexed index="34" regionRef="TextRegion_1666693749485_222"/>
                <RegionRefIndexed index="35" regionRef="TextRegion_1666693748120_216"/>
                <RegionRefIndexed index="36" regionRef="TextRegion_1666693746213_210"/>
            </OrderedGroup>
        </ReadingOrder>
        <TextRegion orientation="0.0" id="TextRegion_1666693736309_192" custom="readingOrder {index:0;} structure {type:header;}">
            <Coords points="496,1 837,1 845,155 497,155"/>
            <TextLine id="rKHgG_9l1" custom="readingOrder {index:0;}">
                <Coords points="597,142 609,137 625,142 649,132 656,137 687,134 696,128 713,138 751,135 763,130 763,101 736,107 714,94 707,100 693,96 678,107 656,108 640,99 597,104"/>
                <Baseline points="602,123 628,122 654,121 680,121 706,121 732,122 758,123"/>
                <TextEquiv>
                    <Unicode>Cap̅ xx libri</Unicode>
                </TextEquiv>
            </TextLine>
            <TextEquiv>
                <Unicode>Cap̅ xx libri</Unicode>
            </TextEquiv>
        </TextRegion>
        <TextRegion orientation="0.0" id="TextRegion_1666693859952_427" custom="readingOrder {index:1;} structure {type:chapter_count;}">
            <Coords points="66,183 220,183 220,281 66,281"/>
            <TextLine id="line_1666693659119_87" custom="readingOrder {index:0;}">
                <Coords points="163,268 180,268 183,263 194,266 210,265 207,223 202,223 198,227 192,228 178,217 160,226"/>
                <Baseline points="167,256 204,254"/>
                <TextEquiv>
                    <Unicode>~1~i</Unicode>
                </TextEquiv>
            </TextLine>
            <TextEquiv>
                <Unicode>~1~i</Unicode>
            </TextEquiv>
        </TextRegion>
        <TextRegion orientation="0.0" id="TextRegion_1666693859951_426" custom="readingOrder {index:2;} structure {type:chapter_count;}">
            <Coords points="66,281 220,281 220,374 66,374"/>
            <TextLine id="rCWaH_3l1" custom="readingOrder {index:0;}">
                <Coords points="163,349 170,348 173,351 177,351 183,355 195,355 195,320 186,319 182,315 179,315 176,318 163,317"/>
                <Baseline points="168,344 190,344"/>
                <TextEquiv>
                    <Unicode>~2~ii</Unicode>
                </TextEquiv>
            </TextLine>
            <TextEquiv>
                <Unicode>~2~ii</Unicode>
            </TextEquiv>
        </TextRegion>
        <TextRegion orientation="0.0" id="TextRegion_1666693859205_422" custom="readingOrder {index:3;} structure {type:chapter_count;}">
            <Coords points="66,374 220,374 220,463 66,463"/>
            <TextLine id="rCWaH_3l2" custom="readingOrder {index:0;}">
                <Coords points="159,449 168,450 177,458 183,458 185,454 206,455 202,402 197,403 191,410 181,407 176,410 170,407 167,407 166,410 157,409"/>
                <Baseline points="163,433 199,431"/>
                <TextEquiv>
                    <Unicode>~3~iii</Unicode>
                </TextEquiv>
            </TextLine>
            <TextEquiv>
                <Unicode>~3~iii</Unicode>
            </TextEquiv>
        </TextRegion>
        <TextRegion orientation="0.0" id="TextRegion_1666693858631_418" custom="readingOrder {index:4;} structure {type:chapter_count;}">
            <Coords points="66,463 220,463 220,537 66,537"/>
            <TextLine id="line_1666693857875_414" custom="readingOrder {index:0;}">
                <Coords points="155,528 163,528 169,531 174,526 179,526 187,529 199,539 204,539 207,499 195,499 189,492 186,492 176,500 156,500"/>
                <Baseline points="160,518 200,520"/>
                <TextEquiv>
                    <Unicode>~4~iiii</Unicode>
                </TextEquiv>
            </TextLine>
            <TextEquiv>
                <Unicode>~4~iiii</Unicode>
            </TextEquiv>
        </TextRegion>
        <TextRegion orientation="0.0" id="TextRegion_1666693857855_410" custom="readingOrder {index:5;} structure {type:chapter_count;}">
            <Coords points="66,537 220,537 220,601 66,601"/>
            <TextLine id="line_1666693857875_415" custom="readingOrder {index:0;}">
                <Coords points="160,575 167,574 175,578 183,568 189,569 193,573 199,572 197,537 189,540 184,539 179,542 173,539 168,544 158,545"/>
                <Baseline points="165,566 194,564"/>
                <TextEquiv>
                    <Unicode>~5~v</Unicode>
                </TextEquiv>
            </TextLine>
            <TextEquiv>
                <Unicode>~5~v</Unicode>
            </TextEquiv>
        </TextRegion>
        <TextRegion orientation="0.0" id="TextRegion_1666693856093_406" custom="readingOrder {index:6;} structure {type:chapter_count;}">
            <Coords points="66,601 220,601 220,653 66,653"/>
            <TextLine id="rCWaH_3l4" custom="readingOrder {index:0;}">
                <Coords points="147,668 156,667 159,669 168,662 172,663 183,658 188,659 191,618 183,617 170,625 162,625 160,627 150,626"/>
                <Baseline points="154,641 184,643"/>
                <TextEquiv>
                    <Unicode>~6~vi</Unicode>
                </TextEquiv>
            </TextLine>
            <TextEquiv>
                <Unicode>~6~vi</Unicode>
            </TextEquiv>
        </TextRegion>
        <TextRegion orientation="0.0" id="TextRegion_1666693855531_402" custom="readingOrder {index:7;} structure {type:chapter_count;}">
            <Coords points="66,653 220,653 220,701 66,701"/>
            <TextLine id="rCWaH_3l5" custom="readingOrder {index:0;}">
                <Coords points="154,695 167,695 175,689 182,692 186,688 191,688 196,694 206,696 208,670 195,669 190,665 181,665 177,662 170,663 166,660 162,663 156,662"/>
                <Baseline points="160,683 202,685"/>
                <TextEquiv>
                    <Unicode>~7~vii</Unicode>
                </TextEquiv>
            </TextLine>
            <TextEquiv>
                <Unicode>~7~vii</Unicode>
            </TextEquiv>
        </TextRegion>
        <TextRegion orientation="0.0" id="TextRegion_1666693854705_398" custom="readingOrder {index:8;} structure {type:chapter_count;}">
            <Coords points="66,701 220,701 220,800 66,800"/>
            <TextLine id="line_1666693664675_97" custom="readingOrder {index:0;}">
                <Coords points="139,777 147,774 154,776 166,770 181,775 193,772 222,782 224,730 217,732 207,729 204,732 195,727 192,730 184,729 178,724 171,724 154,711 147,716 140,716"/>
                <Baseline points="144,755 218,757"/>
                <TextEquiv>
                    <Unicode>~8~viii</Unicode>
                </TextEquiv>
            </TextLine>
            <TextEquiv>
                <Unicode>~8~viii</Unicode>
            </TextEquiv>
        </TextRegion>
        <TextRegion orientation="0.0" id="TextRegion_1666693853787_394" custom="readingOrder {index:9;} structure {type:chapter_count;}">
            <Coords points="66,800 220,800 220,957 66,957"/>
            <TextLine id="rCWaH_3l7" custom="readingOrder {index:0;}">
                <Coords points="150,873 157,874 163,869 166,871 181,870 184,873 194,872 207,882 214,882 215,840 198,842 190,836 182,840 151,837"/>
                <Baseline points="156,857 183,857 210,859"/>
                <TextEquiv>
                    <Unicode>~9~viiii</Unicode>
                </TextEquiv>
            </TextLine>
            <TextEquiv>
                <Unicode>~9~viiii</Unicode>
            </TextEquiv>
        </TextRegion>
        <TextRegion orientation="0.0" id="TextRegion_1666693848724_390" custom="readingOrder {index:10;} structure {type:chapter_count;}">
            <Coords points="82,1005 223,1005 223,1089 82,1089"/>
            <TextLine id="line_1666693671695_103" custom="readingOrder {index:0;}">
                <Coords points="138,1083 146,1087 156,1087 171,1076 183,1078 189,1073 205,1074 207,1038 198,1038 191,1030 186,1033 177,1029 166,1028 164,1030 161,1027 140,1029"/>
                <Baseline points="144,1068 200,1070"/>
                <TextEquiv>
                    <Unicode>~10~x</Unicode>
                </TextEquiv>
            </TextLine>
            <TextEquiv>
                <Unicode>~10~x</Unicode>
            </TextEquiv>
        </TextRegion>
        <TextRegion orientation="0.0" id="TextRegion_1666693848724_389" custom="readingOrder {index:11;} structure {type:chapter_count;}">
            <Coords points="82,1089 223,1089 223,1173 82,1173"/>
            <TextLine id="line_1666693673445_108" custom="readingOrder {index:0;}">
                <Coords points="148,1169 156,1167 161,1171 177,1173 196,1165 203,1158 208,1159 209,1109 198,1106 189,1114 183,1113 175,1120 170,1117 149,1119"/>
                <Baseline points="153,1146 203,1147"/>
                <TextEquiv>
                    <Unicode>~11~xi</Unicode>
                </TextEquiv>
            </TextLine>
            <TextEquiv>
                <Unicode>~11~xi</Unicode>
            </TextEquiv>
        </TextRegion>
        <TextRegion orientation="0.0" id="TextRegion_1666693847749_385" custom="readingOrder {index:12;} structure {type:chapter_count;}">
            <Coords points="82,1173 223,1173 223,1252 82,1252"/>
            <TextLine id="rpadQ_2l1" custom="readingOrder {index:0;}">
                <Coords points="160,1250 168,1250 188,1262 192,1262 200,1253 212,1256 210,1211 188,1211 178,1204 157,1208"/>
                <Baseline points="164,1236 206,1234"/>
                <TextEquiv>
                    <Unicode>~12~xii</Unicode>
                </TextEquiv>
            </TextLine>
            <TextEquiv>
                <Unicode>~12~xii</Unicode>
            </TextEquiv>
        </TextRegion>
        <TextRegion orientation="0.0" id="TextRegion_1666693847201_381" custom="readingOrder {index:13;} structure {type:chapter_count;}">
            <Coords points="82,1252 223,1252 223,1358 82,1358"/>
            <TextLine id="rpadQ_2l2" custom="readingOrder {index:0;}">
                <Coords points="151,1292 159,1292 164,1288 171,1291 178,1286 197,1292 201,1292 206,1287 221,1287 222,1261 188,1262 176,1256 168,1259 152,1258"/>
                <Baseline points="156,1281 186,1283 216,1283"/>
                <TextEquiv>
                    <Unicode>~13~xiii</Unicode>
                </TextEquiv>
            </TextLine>
            <TextEquiv>
                <Unicode>~13~xiii</Unicode>
            </TextEquiv>
        </TextRegion>
        <TextRegion orientation="0.0" id="TextRegion_1666693845881_377" custom="readingOrder {index:14;} structure {type:chapter_count;}">
            <Coords points="82,1358 223,1358 223,1512 82,1512"/>
            <TextLine id="rpadQ_2l3" custom="readingOrder {index:0;}">
                <Coords points="149,1463 178,1472 197,1471 201,1473 217,1462 223,1462 223,1444 213,1445 206,1438 196,1436 190,1430 180,1435 173,1433 160,1435 156,1431 149,1431"/>
                <Baseline points="154,1460 186,1460 218,1460"/>
                <TextEquiv>
                    <Unicode>~14~xiiii</Unicode>
                </TextEquiv>
            </TextLine>
            <TextEquiv>
                <Unicode>~14~xiiii</Unicode>
            </TextEquiv>
        </TextRegion>
        <TextRegion orientation="0.0" id="rLUYm_5" custom="readingOrder {index:15;} structure {type:column_1;}">
            <Coords points="220,167 718,167 718,1515 220,1515"/>
            <TextLine id="rLUYm_5l1" custom="readingOrder {index:0;}">
                <Coords points="242,227 695,218 695,179 657,186 597,157 564,157 493,193 467,176 425,187 334,164 284,178 242,165"/>
                <Baseline points="247,216 273,215 299,215 325,214 351,214 377,214 403,214 429,214 455,214 481,214 507,215 533,215 559,215 585,216 611,216 637,216 663,216 690,215"/>
                <TextEquiv>
                    <Unicode>~i~INCIPIVNT CAPITVLA LIBRI VIGESIMI</Unicode>
                </TextEquiv>
            </TextLine>
            <TextLine id="rLUYm_5l2" custom="readingOrder {index:1;}">
                <Coords points="244,277 311,261 359,269 376,256 398,270 595,264 655,283 678,272 679,233 622,223 463,239 392,219 361,235 245,229"/>
                <Baseline points="249,259 275,257 302,255 328,254 355,253 381,253 408,253 434,254 461,254 487,255 514,255 540,256 567,256 593,256 620,256 646,256 673,255"/>
                <TextEquiv>
                    <Unicode>~1~Qđ animę humanę int̅ ceteras crea¬</Unicode>
                </TextEquiv>
            </TextLine>
            <TextLine id="rLUYm_5l3" custom="readingOrder {index:2;}">
                <Coords points="276,303 331,316 367,301 411,313 458,314 469,304 491,316 536,305 631,313 631,277 589,269 560,282 477,274 430,283 399,269 276,279"/>
                <Baseline points="281,298 307,297 334,297 360,297 387,297 413,297 440,298 466,298 493,299 519,299 546,300 572,300 599,300 626,300"/>
                <TextEquiv>
                    <Unicode>turas ab initio n̅ sint creatę</Unicode>
                </TextEquiv>
            </TextLine>
            <TextLine id="rLUYm_5l4" custom="readingOrder {index:3;}">
                <Coords points="249,368 288,348 511,348 573,362 676,356 717,337 717,319 664,327 641,314 565,311 512,328 401,309 372,323 288,307 249,315"/>
                <Baseline points="254,345 279,343 304,342 330,341 355,341 381,341 406,341 432,341 457,341 483,342 508,342 533,343 559,343 584,344 610,344 635,344 661,344 686,344 712,344"/>
                <TextEquiv>
                    <Unicode>~2~Qđ duę animę n̅ sint in uno homine</Unicode>
                </TextEquiv>
            </TextLine>
            <TextLine id="rLUYm_5l5" custom="readingOrder {index:4;}">
                <Coords points="274,399 319,403 359,387 435,406 492,391 654,407 716,401 717,361 603,364 586,351 568,366 368,353 274,364"/>
                <Baseline points="279,384 304,383 329,383 355,382 380,382 406,382 431,383 456,383 482,383 507,384 533,385 558,385 583,386 609,386 634,386 660,387 685,387 711,387"/>
                <TextEquiv>
                    <Unicode>ut quidā dicunt sed una tantū</Unicode>
                </TextEquiv>
            </TextLine>
            <TextLine id="rLUYm_5l6" custom="readingOrder {index:5;}">
                <Coords points="273,431 336,451 369,432 459,452 524,433 683,442 683,398 626,410 572,397 526,408 455,397 405,411 333,395 273,401"/>
                <Baseline points="278,428 303,427 328,427 353,427 378,427 403,427 428,427 453,428 478,428 503,429 528,429 553,430 578,430 603,430 628,430 653,430 678,429"/>
                <TextEquiv>
                    <Unicode>~3~Qđ solus homo habeat animā sub¬</Unicode>
                </TextEquiv>
            </TextLine>
            <TextLine id="line_1666693584889_40" custom="readingOrder {index:6;}">
                <Coords points="270,482 689,482 689,459 601,458 562,435 497,464 445,446 412,457 270,448"/>
                <Baseline points="275,475 304,473 333,473 362,473 391,473 421,473 521,476 548,474 575,474 602,474 629,476 656,477 684,477"/>
                <TextEquiv>
                    <Unicode>stantiuam &lt;seg&gt;finiantur&lt;/seg&gt;</Unicode>
                </TextEquiv>
            </TextLine>
            <TextLine id="rLUYm_5l9" custom="readingOrder {index:7;}">
                <Coords points="248,525 311,536 416,520 469,537 497,521 523,537 536,524 714,524 714,491 672,484 648,498 611,487 551,500 492,478 460,498 248,483"/>
                <Baseline points="253,518 278,518 303,517 329,517 354,516 379,516 405,516 430,516 455,516 481,517 506,517 531,517 557,517 582,518 607,518 633,518 658,519 683,519 709,519"/>
                <TextEquiv>
                    <Unicode>~4~Vt peccudū animę cū carnis morte</Unicode>
                </TextEquiv>
            </TextLine>
            <TextLine id="rLUYm_5l10" custom="readingOrder {index:8;}">
                <Coords points="243,577 292,582 383,566 424,578 470,568 481,577 509,567 621,572 621,547 529,546 510,531 494,546 470,536 437,545 406,528 346,547 243,526"/>
                <Baseline points="248,565 274,563 300,562 326,562 353,561 379,561 405,562 432,562 458,562 484,563 510,564 537,564 563,564 589,564 616,564"/>
                <TextEquiv>
                    <Unicode>~5~Qđ anima humana non cum</Unicode>
                </TextEquiv>
            </TextLine>
            <TextLine id="rLUYm_5l11" custom="readingOrder {index:9;}">
                <Coords points="276,612 304,618 320,609 389,609 400,620 442,613 482,633 499,619 512,623 513,582 478,577 433,588 400,579 380,587 342,573 303,585 276,578"/>
                <Baseline points="281,604 306,603 331,603 356,604 381,604 407,604 432,605 457,605 482,606 508,606"/>
                <TextEquiv>
                    <Unicode>carne moriatur</Unicode>
                </TextEquiv>
            </TextLine>
            <TextLine id="rLUYm_5l12" custom="readingOrder {index:10;}">
                <Coords points="244,662 703,660 703,630 685,621 515,617 483,634 437,617 352,630 245,611"/>
                <Baseline points="250,647 276,647 302,648 329,648 355,648 381,649 408,649 434,649 460,649 487,649 513,649 539,650 566,650 592,650 618,650 645,650 671,650 698,650"/>
                <TextEquiv>
                    <Unicode>~6~Qđ homo constet duab substantiis</Unicode>
                </TextEquiv>
            </TextLine>
            <TextLine id="rLUYm_5l13" custom="readingOrder {index:11;}">
                <Coords points="249,710 352,692 468,706 711,695 711,676 557,662 488,676 400,654 249,667"/>
                <Baseline points="254,693 279,692 304,691 329,690 354,690 379,690 404,690 429,690 454,690 480,691 505,691 530,691 555,692 580,692 605,692 630,692 655,692 680,692 706,692"/>
                <TextEquiv>
                    <Unicode>~7~Qđ sp̅s n̅ tertius sit in substantia homi¬</Unicode>
                </TextEquiv>
            </TextLine>
            <TextLine id="rLUYm_5l14" custom="readingOrder {index:12;}">
                <Coords points="268,729 601,747 691,725 711,735 720,708 658,716 623,696 585,718 417,702 360,716 296,701 268,714"/>
                <Baseline points="273,730 299,730 325,730 351,730 377,730 403,730 429,730 455,731 481,731 507,731 533,731 559,731 585,732 611,732 637,732 663,731 689,731 715,731"/>
                <TextEquiv>
                    <Unicode>&lt;del&gt;nis ut quidā affirmant &lt;seg&gt;rauit&lt;/seg&gt;</Unicode>
                </TextEquiv>
            </TextLine>
            <TextLine id="rLUYm_5l15" custom="readingOrder {index:13;}">
                <Coords points="267,771 406,759 685,772 696,741 376,743 268,729"/>
                <Baseline points="272,758 298,757 324,757 350,757 376,757 402,757 428,757 454,758 481,758 507,759 533,760 559,760 585,761 611,762 637,762 663,762 690,762"/>
                <TextEquiv>
                    <Unicode>~8~Qđ ds̅ sicut ex nihilo bona facere</Unicode>
                </TextEquiv>
            </TextLine>
            <TextLine id="rLUYm_5l16" custom="readingOrder {index:14;}">
                <Coords points="274,801 424,792 663,807 695,802 696,774 626,780 591,765 551,779 454,773 440,760 414,774 275,774"/>
                <Baseline points="280,790 305,790 331,790 356,790 382,790 408,790 433,791 459,791 485,792 510,792 536,793 561,793 587,794 613,794 638,795 664,795 690,796"/>
                <TextEquiv>
                    <Unicode>potuit ita cū uoluit ꝑ in carnatio¬</Unicode>
                </TextEquiv>
            </TextLine>
            <TextLine id="rLUYm_5l17" custom="readingOrder {index:15;}">
                <Coords points="274,830 346,840 442,825 506,829 535,846 723,831 723,817 686,801 545,808 520,795 365,791 274,806"/>
                <Baseline points="279,822 304,822 330,821 356,821 382,821 408,821 433,821 459,822 485,822 511,822 537,823 563,824 588,824 614,825 640,826 666,826 692,827 718,827"/>
                <TextEquiv>
                    <Unicode>nis suę misteriū etiā ꝑdita bona repa¬&lt;/del&gt;&lt;note&gt;Rubrik in 4 Zeilen auf 3 Zeilen gequetscht&lt;/note&gt;</Unicode>
                </TextEquiv>
            </TextLine>
            <TextLine id="rLUYm_5l18" custom="readingOrder {index:16;}">
                <Coords points="273,873 704,872 704,847 664,838 273,834"/>
                <Baseline points="278,859 304,860 330,860 356,860 383,861 409,861 435,861 462,861 488,861 514,862 541,862 567,862 593,862 620,862 646,863 672,863 699,863"/>
                <TextEquiv>
                    <Unicode>~9~Qđ ds̅ tres uitales sp̅s crearet unum</Unicode>
                </TextEquiv>
            </TextLine>
            <TextLine id="rLUYm_5l19" custom="readingOrder {index:17;}">
                <Coords points="274,919 324,906 424,912 444,926 534,906 563,923 653,912 711,923 712,874 640,883 587,870 572,882 507,870 450,887 401,876 332,891 275,881"/>
                <Baseline points="280,901 305,902 330,902 355,902 380,903 405,903 430,903 455,903 480,903 505,904 530,904 555,904 580,904 605,905 630,905 655,905 680,905 706,906"/>
                <TextEquiv>
                    <Unicode>qui carne n̅ tegeret aliū qui carne</Unicode>
                </TextEquiv>
            </TextLine>
            <TextLine id="rLUYm_5l20" custom="readingOrder {index:18;}">
                <Coords points="278,965 416,953 455,970 565,954 687,964 721,943 721,916 631,933 403,916 279,926"/>
                <Baseline points="284,945 309,946 334,946 360,946 385,946 411,947 436,947 461,947 487,947 512,948 538,948 563,948 588,949 614,949 639,950 665,950 690,951 716,951"/>
                <TextEquiv>
                    <Unicode>tegeret s n̅ cū carne moreretur</Unicode>
                </TextEquiv>
            </TextLine>
            <TextLine id="rLUYm_5l21" custom="readingOrder {index:19;}">
                <Coords points="268,997 349,1009 420,992 495,1012 543,998 703,1003 703,973 668,974 643,955 597,971 564,957 525,976 268,958"/>
                <Baseline points="273,991 298,991 323,991 348,991 373,991 398,991 423,991 448,991 473,991 498,991 523,991 548,991 573,992 598,992 623,992 648,992 673,992 698,992"/>
                <TextEquiv>
                    <Unicode>t̅ciū qui carne tegeret et cū carne</Unicode>
                </TextEquiv>
            </TextLine>
            <TextLine id="rLUYm_5l22" custom="readingOrder {index:20;}">
                <Coords points="276,1045 307,1039 328,1043 333,1038 376,1051 415,1040 439,1042 440,1015 430,1017 398,1007 384,1013 374,1008 359,1012 343,1008 325,1014 315,1009 309,1015 295,1006 277,1009"/>
                <Baseline points="281,1032 306,1031 332,1032 357,1032 383,1033 408,1034 434,1033"/>
                <TextEquiv>
                    <Unicode>moreretur</Unicode>
                </TextEquiv>
            </TextLine>
            <TextLine id="rLUYm_5l23" custom="readingOrder {index:21;}">
                <Coords points="261,1094 389,1079 410,1091 505,1080 557,1098 594,1085 691,1097 690,1049 677,1046 601,1059 436,1044 397,1057 260,1031"/>
                <Baseline points="265,1075 291,1074 317,1074 343,1074 370,1074 396,1073 422,1073 448,1073 475,1073 501,1073 527,1073 553,1073 580,1074 606,1074 632,1074 658,1074 685,1074"/>
                <TextEquiv>
                    <Unicode>~10~Qđ homo in prima conditione sua</Unicode>
                </TextEquiv>
            </TextLine>
            <TextLine id="rLUYm_5l24" custom="readingOrder {index:22;}">
                <Coords points="270,1126 354,1120 403,1139 436,1125 563,1132 574,1121 634,1120 634,1098 595,1085 511,1102 498,1089 444,1099 397,1089 368,1102 270,1087"/>
                <Baseline points="275,1117 300,1117 325,1117 350,1117 376,1117 401,1117 426,1117 452,1117 477,1118 502,1118 527,1118 553,1118 578,1118 603,1118 629,1117"/>
                <TextEquiv>
                    <Unicode>libero arbitrio donatus sit</Unicode>
                </TextEquiv>
            </TextLine>
            <TextLine id="rLUYm_5l25" custom="readingOrder {index:23;}">
                <Coords points="240,1171 687,1173 687,1139 662,1132 506,1144 447,1128 388,1143 345,1129 314,1141 275,1121 240,1133"/>
                <Baseline points="245,1158 270,1158 296,1159 322,1159 347,1159 373,1159 399,1159 424,1159 450,1159 476,1159 502,1159 527,1159 553,1159 579,1160 604,1160 630,1160 656,1161 682,1162"/>
                <TextEquiv>
                    <Unicode>~11~Qđ om̅s homines in p̄uaricatione adę</Unicode>
                </TextEquiv>
            </TextLine>
            <TextLine id="rLUYm_5l26" custom="readingOrder {index:24;}">
                <Coords points="278,1200 349,1219 373,1208 425,1221 462,1203 542,1207 571,1222 630,1207 658,1221 691,1216 692,1179 610,1166 572,1178 455,1164 412,1183 377,1168 356,1181 279,1177"/>
                <Baseline points="284,1197 309,1198 334,1199 359,1199 384,1199 409,1200 434,1200 459,1200 485,1200 510,1201 535,1201 560,1201 585,1201 610,1201 635,1202 660,1202 686,1202"/>
                <TextEquiv>
                    <Unicode>naturalē possibilitatē ꝑdidissent</Unicode>
                </TextEquiv>
            </TextLine>
            <TextLine id="rLUYm_5l27" custom="readingOrder {index:25;}">
                <Coords points="247,1257 264,1257 270,1251 293,1257 299,1251 323,1249 349,1259 375,1252 392,1259 422,1246 422,1227 392,1227 377,1217 367,1223 328,1209 317,1219 281,1226 248,1211"/>
                <Baseline points="252,1241 279,1241 307,1241 334,1241 362,1242 389,1243 417,1244"/>
                <TextEquiv>
                    <Unicode>~12~De eadem re</Unicode>
                </TextEquiv>
            </TextLine>
            <TextLine id="rLUYm_5l28" custom="readingOrder {index:26;}">
                <Coords points="254,1305 358,1291 678,1299 678,1261 602,1271 560,1248 478,1265 254,1258"/>
                <Baseline points="259,1282 284,1283 310,1283 336,1284 362,1284 388,1285 414,1285 440,1285 466,1286 491,1286 517,1286 543,1286 569,1286 595,1285 621,1285 647,1284 673,1283"/>
                <TextEquiv>
                    <Unicode>~13~Qđ homo sic positus sit in paradiso</Unicode>
                </TextEquiv>
            </TextLine>
            <TextLine id="rLUYm_5l29" custom="readingOrder {index:27;}">
                <Coords points="275,1333 436,1349 563,1333 595,1348 644,1333 703,1341 703,1310 660,1298 610,1311 575,1299 497,1309 470,1299 452,1312 415,1299 390,1311 370,1299 353,1311 322,1297 275,1301"/>
                <Baseline points="280,1325 306,1326 332,1326 358,1327 384,1327 410,1328 436,1328 462,1328 489,1328 515,1328 541,1328 567,1328 593,1328 619,1328 645,1327 671,1327 698,1327"/>
                <TextEquiv>
                    <Unicode>si oboediens ꝑmaneret quandoq</Unicode>
                </TextEquiv>
            </TextLine>
            <TextLine id="rLUYm_5l30" custom="readingOrder {index:28;}">
                <Coords points="273,1373 408,1390 459,1377 669,1385 670,1347 658,1345 574,1355 464,1337 437,1356 374,1339 274,1347"/>
                <Baseline points="278,1367 303,1368 329,1369 355,1370 380,1370 406,1371 432,1371 458,1372 483,1372 509,1372 535,1371 561,1371 586,1371 612,1371 638,1370 664,1369"/>
                <TextEquiv>
                    <Unicode>ad cęlestē patriam sine carnis</Unicode>
                </TextEquiv>
            </TextLine>
            <TextLine id="rLUYm_5l31" custom="readingOrder {index:29;}">
                <Coords points="275,1422 312,1418 387,1430 406,1416 479,1431 499,1425 500,1399 440,1387 417,1396 407,1388 359,1388 335,1375 308,1394 276,1394"/>
                <Baseline points="280,1409 306,1410 333,1411 360,1411 387,1412 413,1412 440,1413 467,1414 494,1415"/>
                <TextEquiv>
                    <Unicode>morte transiret</Unicode>
                </TextEquiv>
            </TextLine>
            <TextLine id="rLUYm_5l32" custom="readingOrder {index:30;}">
                <Coords points="249,1482 403,1462 559,1465 650,1486 733,1472 733,1431 678,1423 638,1441 619,1422 568,1439 249,1425"/>
                <Baseline points="254,1458 279,1458 305,1458 330,1458 356,1458 381,1458 407,1458 432,1459 458,1459 484,1459 509,1459 535,1459 560,1459 586,1459 611,1459 637,1458 662,1458 688,1457 728,1462"/>
                <TextEquiv>
                    <Unicode>~14~Qđ nos carnales in huius exilii cecitate</Unicode>
                </TextEquiv>
            </TextLine>
            <TextEquiv>
                <Unicode>~i~INCIPIVNT CAPITVLA LIBRI VIGESIMI
~1~Qđ animę humanę int̅ ceteras crea¬
turas ab initio n̅ sint creatę
~2~Qđ duę animę n̅ sint in uno homine
ut quidā dicunt sed una tantū
~3~Qđ solus homo habeat animā sub¬
stantiuam &lt;seg&gt;finiantur&lt;/seg&gt;
~4~Vt peccudū animę cū carnis morte
~5~Qđ anima humana non cum
carne moriatur
~6~Qđ homo constet duab substantiis
~7~Qđ sp̅s n̅ tertius sit in substantia homi¬
&lt;del&gt;nis ut quidā affirmant &lt;seg&gt;rauit&lt;/seg&gt;
~8~Qđ ds̅ sicut ex nihilo bona facere
potuit ita cū uoluit ꝑ in carnatio¬
nis suę misteriū etiā ꝑdita bona repa¬&lt;/del&gt;&lt;note&gt;Rubrik in 4 Zeilen auf 3 Zeilen gequetscht&lt;/note&gt;
~9~Qđ ds̅ tres uitales sp̅s crearet unum
qui carne n̅ tegeret aliū qui carne
tegeret s n̅ cū carne moreretur
t̅ciū qui carne tegeret et cū carne
moreretur
~10~Qđ homo in prima conditione sua
libero arbitrio donatus sit
~11~Qđ om̅s homines in p̄uaricatione adę
naturalē possibilitatē ꝑdidissent
~12~De eadem re
~13~Qđ homo sic positus sit in paradiso
si oboediens ꝑmaneret quandoq
ad cęlestē patriam sine carnis
morte transiret
~14~Qđ nos carnales in huius exilii cecitate</Unicode>
            </TextEquiv>
        </TextRegion>
        <TextRegion orientation="0.0" id="TextRegion_1666693744498_202" custom="readingOrder {index:16;} structure {type:chapter_count;}">
            <Coords points="1187,1434 1398,1434 1398,1483 1187,1483"/>
            <TextLine id="line_1666693744512_207" custom="readingOrder {index:0;}">
                <Coords points="1201,1487 1233,1482 1245,1471 1251,1474 1260,1466 1283,1466 1311,1486 1337,1479 1337,1442 1318,1447 1302,1445 1292,1438 1250,1441 1234,1432 1201,1438"/>
                <Baseline points="1206,1465 1332,1465"/>
                <TextEquiv>
                    <Unicode>~34~xxxiiii</Unicode>
                </TextEquiv>
            </TextLine>
            <TextEquiv>
                <Unicode>~34~xxxiiii</Unicode>
            </TextEquiv>
        </TextRegion>
        <TextRegion orientation="0.0" id="r8h3t_6" custom="readingOrder {index:17;} structure {type:column_2;}">
            <Coords points="707,171 1171,171 1171,1539 707,1539"/>
            <TextLine id="r8h3t_6l1" custom="readingOrder {index:0;}">
                <Coords points="732,230 901,217 946,238 1027,219 1133,233 1133,196 1082,189 896,198 816,181 757,200 732,190"/>
                <Baseline points="737,216 763,215 789,215 815,214 841,214 867,214 893,214 919,214 945,214 971,215 997,215 1023,215 1049,215 1075,216 1101,216 1128,216"/>
                <TextEquiv>
                    <Unicode>nati puero in carcere nato et</Unicode>
                </TextEquiv>
            </TextLine>
            <TextLine id="r8h3t_6l2" custom="readingOrder {index:1;}">
                <Coords points="727,262 779,274 800,261 814,275 912,269 930,283 1025,263 1085,282 1110,267 1162,267 1163,233 728,240"/>
                <Baseline points="732,258 757,258 782,258 807,259 832,259 857,259 882,259 907,260 932,260 957,260 982,260 1007,261 1032,261 1057,261 1082,261 1107,262 1132,262 1157,262"/>
                <TextEquiv>
                    <Unicode>nutrito cōparemur &lt;seg&gt;possit&lt;/seg&gt;</Unicode>
                </TextEquiv>
            </TextLine>
            <TextLine id="r8h3t_6l3" custom="readingOrder {index:2;}">
                <Coords points="713,318 856,327 912,310 1157,314 1157,284 1128,289 1097,273 1060,286 1017,276 928,286 713,271"/>
                <Baseline points="718,302 743,302 769,303 794,303 820,303 845,304 871,304 896,304 922,304 947,304 973,305 998,305 1024,305 1049,305 1075,306 1100,306 1126,306 1152,307"/>
                <TextEquiv>
                    <Unicode>~15~Qđ nullus ꝑ semetipsum bonus fieri</Unicode>
                </TextEquiv>
            </TextLine>
            <TextLine id="r8h3t_6l4" custom="readingOrder {index:3;}">
                <Coords points="707,355 734,366 747,358 770,366 779,357 807,356 826,367 839,354 883,359 883,331 825,322 805,328 785,313 759,326 741,320 717,337 707,337"/>
                <Baseline points="712,345 739,346 767,346 795,345 822,345 850,346 878,347"/>
                <TextEquiv>
                    <Unicode>~16~De eadem re</Unicode>
                </TextEquiv>
            </TextLine>
            <TextLine id="r8h3t_6l5" custom="readingOrder {index:4;}">
                <Coords points="707,402 734,392 752,402 813,394 862,398 891,410 905,403 905,366 865,371 833,360 824,367 800,355 779,357 770,366 734,366 717,355 707,357"/>
                <Baseline points="712,389 738,388 765,387 792,387 819,388 846,388 873,389 900,391"/>
                <TextEquiv>
                    <Unicode>~17~De eadem re</Unicode>
                </TextEquiv>
            </TextLine>
            <TextLine id="r8h3t_6l6" custom="readingOrder {index:5;}">
                <Coords points="719,453 834,440 962,443 987,457 1168,443 1168,404 1148,399 1126,413 1103,399 1047,414 940,396 893,412 720,405"/>
                <Baseline points="725,433 750,433 776,433 802,433 828,433 853,433 879,434 905,434 931,434 956,434 982,434 1008,435 1034,435 1059,435 1085,435 1111,436 1137,436 1163,436"/>
                <TextEquiv>
                    <Unicode>~18~Qđ gr̅a diuina n̅ solū peccata dimit¬</Unicode>
                </TextEquiv>
            </TextLine>
            <TextLine id="r8h3t_6l7" custom="readingOrder {index:6;}">
                <Coords points="731,493 774,483 795,495 943,487 964,498 994,486 1088,498 1106,486 1168,497 1169,448 1063,464 968,451 867,468 823,453 731,457"/>
                <Baseline points="736,477 761,478 786,478 811,479 836,479 861,479 886,480 911,480 936,481 962,481 987,481 1012,481 1037,482 1062,482 1087,482 1112,481 1137,481 1163,481"/>
                <TextEquiv>
                    <Unicode>tat s etiā adiuuet ne cōmittant</Unicode>
                </TextEquiv>
            </TextLine>
            <TextLine id="r8h3t_6l8" custom="readingOrder {index:7;}">
                <Coords points="705,536 1036,526 1165,538 1165,507 1149,502 705,484"/>
                <Baseline points="710,519 735,520 760,520 785,520 810,521 835,521 860,521 885,521 910,521 935,521 960,521 985,521 1010,522 1035,522 1060,522 1085,522 1110,522 1135,522 1160,522"/>
                <TextEquiv>
                    <Unicode>~19~Qđ p̄destinatio di̅ ita sit ordinata</Unicode>
                </TextEquiv>
            </TextLine>
            <TextLine id="r8h3t_6l9" custom="readingOrder {index:8;}">
                <Coords points="736,572 807,583 865,570 905,586 1139,578 1175,570 1175,539 1072,554 1006,538 936,550 845,535 824,548 736,540"/>
                <Baseline points="741,564 766,564 791,565 816,565 841,566 867,566 892,566 917,566 942,567 968,567 993,567 1018,567 1043,567 1069,567 1094,567 1119,568 1144,568 1170,568"/>
                <TextEquiv>
                    <Unicode>ut ea nociua quę p̄destinata sunt</Unicode>
                </TextEquiv>
            </TextLine>
            <TextLine id="r8h3t_6l10" custom="readingOrder {index:9;}">
                <Coords points="726,612 761,626 896,619 950,638 984,619 1059,620 1090,634 1090,579 1044,580 1014,597 924,581 861,593 807,582 778,595 751,579 726,594"/>
                <Baseline points="731,609 756,609 781,609 806,609 832,609 857,610 882,610 908,610 933,610 958,610 983,611 1009,611 1034,611 1059,611 1085,612"/>
                <TextEquiv>
                    <Unicode>electorū p̄cibus solui quęant</Unicode>
                </TextEquiv>
            </TextLine>
            <TextLine id="r8h3t_6l11" custom="readingOrder {index:10;}">
                <Coords points="721,664 766,657 805,667 839,657 883,674 890,667 902,674 924,668 934,659 976,665 976,639 968,637 923,636 916,629 880,636 848,622 830,630 787,616 758,630 721,623"/>
                <Baseline points="726,652 753,653 780,653 807,653 834,653 862,653 889,653 916,653 943,653 971,654"/>
                <TextEquiv>
                    <Unicode>~20~Itē de p̄destinatione</Unicode>
                </TextEquiv>
            </TextLine>
            <TextLine id="r8h3t_6l12" custom="readingOrder {index:11;}">
                <Coords points="717,704 839,699 903,713 921,698 1024,716 1079,700 1159,705 1159,677 1072,660 1015,679 926,667 824,679 784,661 765,674 717,661"/>
                <Baseline points="722,695 747,694 772,694 798,694 823,693 849,693 874,693 899,694 925,694 950,694 976,695 1001,695 1026,695 1052,696 1077,696 1103,696 1128,696 1154,695"/>
                <TextEquiv>
                    <Unicode>~21~De di̅ p̄uidentia simul et ꝓuidentia</Unicode>
                </TextEquiv>
            </TextLine>
            <TextLine id="r8h3t_6l13" custom="readingOrder {index:12;}">
                <Coords points="710,751 745,758 809,738 843,754 944,740 988,753 1047,739 1118,761 1174,743 1175,710 1142,722 1103,708 961,716 937,700 784,718 757,707 710,725"/>
                <Baseline points="715,732 740,732 765,732 790,733 815,733 841,733 866,733 891,734 916,734 942,734 967,734 992,734 1017,735 1042,735 1068,735 1093,736 1118,737 1143,737 1169,739"/>
                <TextEquiv>
                    <Unicode>~22~Qđ diuina &lt;del&gt;ęt̅nitas&lt;/del&gt; nec fuisse nec futurū</Unicode>
                </TextEquiv>
            </TextLine>
            <TextLine id="r8h3t_6l14" custom="readingOrder {index:13;}">
                <Coords points="741,784 753,783 763,790 769,786 777,790 787,784 799,788 817,784 829,791 849,789 856,783 873,786 874,758 859,754 828,759 810,749 788,759 771,746 758,748 742,742"/>
                <Baseline points="746,775 776,777 807,777 837,778 868,779"/>
                <TextEquiv>
                    <Unicode>ee̅ habeat</Unicode>
                </TextEquiv>
            </TextLine>
            <TextLine id="r8h3t_6l15" custom="readingOrder {index:14;}">
                <Coords points="703,822 803,844 830,825 881,839 920,825 960,837 1084,833 1129,825 1129,772 1055,798 1005,786 984,798 808,802 788,784 703,795"/>
                <Baseline points="708,824 734,823 760,821 786,821 812,820 838,820 864,820 890,820 916,821 942,821 968,821 994,822 1020,822 1046,823 1072,823 1098,823 1124,823"/>
                <TextEquiv>
                    <Unicode>~23~Qđ cuncta quę hominibus fiunt</Unicode>
                </TextEquiv>
            </TextLine>
            <TextLine id="r8h3t_6l16" custom="readingOrder {index:15;}">
                <Coords points="735,876 786,888 822,871 882,890 906,876 1068,888 1133,878 1133,847 1059,831 917,849 893,838 867,852 735,836"/>
                <Baseline points="740,865 765,865 791,865 817,865 843,865 869,865 895,865 921,865 946,865 972,865 998,865 1024,865 1050,865 1076,865 1102,865 1128,865"/>
                <TextEquiv>
                    <Unicode>absq omnipotentis occulto c̅silio</Unicode>
                </TextEquiv>
            </TextLine>
            <TextLine id="r8h3t_6l17" custom="readingOrder {index:16;}">
                <Coords points="734,914 743,919 759,915 770,925 794,917 816,928 830,922 838,930 859,918 871,922 881,916 914,927 913,892 884,892 861,878 837,879 815,892 780,892 766,885 753,890 734,881"/>
                <Baseline points="739,906 767,906 795,905 824,905 852,906 880,907 909,910"/>
                <TextEquiv>
                    <Unicode>non ueniant</Unicode>
                </TextEquiv>
            </TextLine>
            <TextLine id="r8h3t_6l18" custom="readingOrder {index:17;}">
                <Coords points="711,964 764,956 778,968 815,960 846,967 865,959 895,969 896,931 862,926 836,936 815,932 805,923 789,929 767,923 747,925 721,944 711,943"/>
                <Baseline points="716,953 745,952 774,952 803,953 832,954 861,954 890,953"/>
                <TextEquiv>
                    <Unicode>~24~De eadem re</Unicode>
                </TextEquiv>
            </TextLine>
            <TextLine id="r8h3t_6l19" custom="readingOrder {index:18;}">
                <Coords points="732,999 766,1010 806,1001 827,1018 948,1000 1040,1016 1094,997 1175,1011 1175,972 733,963"/>
                <Baseline points="737,992 762,993 787,993 813,993 838,994 864,994 889,994 915,994 940,994 966,994 991,994 1017,995 1042,995 1068,996 1093,996 1119,997 1144,998 1170,999"/>
                <TextEquiv>
                    <Unicode>~25~Qđ ds̅ singulis dies suos p̄figat ut nec</Unicode>
                </TextEquiv>
            </TextLine>
            <TextLine id="r8h3t_6l20" custom="readingOrder {index:19;}">
                <Coords points="743,1042 836,1049 856,1041 887,1055 935,1051 949,1060 986,1043 1060,1045 1061,1012 1001,1007 888,1021 744,1012"/>
                <Baseline points="748,1033 773,1033 799,1034 824,1034 850,1034 875,1035 901,1035 927,1035 952,1036 978,1036 1003,1036 1029,1036 1055,1036"/>
                <TextEquiv>
                    <Unicode>minui nec augeri possint</Unicode>
                </TextEquiv>
            </TextLine>
            <TextLine id="r8h3t_6l21" custom="readingOrder {index:20;}">
                <Coords points="714,1086 737,1099 755,1085 838,1084 862,1098 894,1083 950,1095 973,1082 987,1097 1034,1084 1112,1092 1119,1066 1024,1044 949,1060 856,1043 819,1056 796,1041 715,1046"/>
                <Baseline points="720,1074 746,1074 772,1075 798,1075 825,1076 851,1076 877,1077 903,1077 930,1077 956,1077 982,1078 1008,1078 1035,1078 1061,1078 1087,1078 1114,1079"/>
                <TextEquiv>
                    <Unicode>~26~Qđ ds̅ nr̅a peccata dissimulet</Unicode>
                </TextEquiv>
            </TextLine>
            <TextLine id="r8h3t_6l22" custom="readingOrder {index:21;}">
                <Coords points="713,1130 1148,1127 1148,1096 1102,1090 1028,1105 848,1102 782,1085 741,1102 713,1094"/>
                <Baseline points="718,1119 743,1119 768,1119 793,1119 818,1119 843,1119 868,1120 893,1120 918,1120 943,1120 968,1120 993,1120 1018,1120 1043,1120 1068,1121 1093,1121 1118,1122 1143,1122"/>
                <TextEquiv>
                    <Unicode>~27~Qđ ds̅ cuncta disponat et c̅sideret</Unicode>
                </TextEquiv>
            </TextLine>
            <TextLine id="r8h3t_6l23" custom="readingOrder {index:22;}">
                <Coords points="734,1165 786,1164 807,1177 842,1166 880,1168 893,1178 903,1169 981,1170 981,1146 928,1146 909,1132 890,1131 859,1145 842,1138 781,1144 774,1137 734,1145"/>
                <Baseline points="739,1160 765,1160 791,1160 818,1160 844,1161 870,1161 897,1162 923,1162 949,1162 976,1161"/>
                <TextEquiv>
                    <Unicode>uniuersorū finem</Unicode>
                </TextEquiv>
            </TextLine>
            <TextLine id="r8h3t_6l24" custom="readingOrder {index:23;}">
                <Coords points="724,1209 752,1212 772,1200 811,1218 852,1205 919,1224 949,1209 996,1207 996,1177 986,1173 910,1186 872,1167 852,1177 830,1170 814,1184 798,1173 785,1180 724,1174"/>
                <Baseline points="729,1199 755,1199 781,1199 807,1199 833,1200 860,1200 886,1200 912,1200 938,1201 964,1201 991,1201"/>
                <TextEquiv>
                    <Unicode>~28~Itē de p̄destinatione</Unicode>
                </TextEquiv>
            </TextLine>
            <TextLine id="r8h3t_6l25" custom="readingOrder {index:24;}">
                <Coords points="718,1250 781,1247 809,1260 871,1247 888,1258 904,1251 979,1258 999,1250 999,1216 903,1230 877,1213 856,1221 772,1215 745,1227 718,1220"/>
                <Baseline points="723,1244 750,1243 777,1243 804,1242 831,1242 858,1243 885,1243 912,1243 939,1244 966,1245 994,1245"/>
                <TextEquiv>
                    <Unicode>~29~Itē de p̄destinatione</Unicode>
                </TextEquiv>
            </TextLine>
            <TextLine id="r8h3t_6l26" custom="readingOrder {index:25;}">
                <Coords points="719,1294 772,1288 798,1293 811,1306 849,1290 876,1306 896,1294 981,1298 981,1257 948,1260 934,1272 917,1261 877,1269 856,1251 817,1263 760,1259 749,1268 719,1260"/>
                <Baseline points="724,1285 749,1285 774,1285 799,1286 824,1286 850,1286 875,1286 900,1285 925,1285 950,1285 976,1286"/>
                <TextEquiv>
                    <Unicode>~30~Itē de p̄destinatione</Unicode>
                </TextEquiv>
            </TextLine>
            <TextLine id="r8h3t_6l27" custom="readingOrder {index:26;}">
                <Coords points="732,1338 755,1346 774,1335 881,1341 929,1331 952,1342 962,1333 986,1334 986,1314 970,1311 893,1311 861,1297 817,1306 779,1295 767,1304 732,1301"/>
                <Baseline points="737,1330 764,1328 791,1328 818,1327 845,1328 872,1328 899,1328 926,1328 953,1328 981,1327"/>
                <TextEquiv>
                    <Unicode>~31~Itē de p̄destinatione</Unicode>
                </TextEquiv>
            </TextLine>
            <TextLine id="r8h3t_6l28" custom="readingOrder {index:27;}">
                <Coords points="724,1383 763,1373 783,1386 897,1376 945,1387 992,1374 992,1345 962,1352 842,1340 808,1353 775,1336 757,1347 735,1337 724,1342"/>
                <Baseline points="729,1370 754,1370 780,1369 806,1369 832,1369 858,1369 883,1370 909,1370 935,1370 961,1370 987,1369"/>
                <TextEquiv>
                    <Unicode>~32~Itē de p̄destinatione</Unicode>
                </TextEquiv>
            </TextLine>
            <TextLine id="r8h3t_6l29" custom="readingOrder {index:28;}">
                <Coords points="736,1417 783,1426 803,1417 825,1429 854,1418 872,1425 886,1418 909,1425 968,1420 993,1433 993,1397 967,1381 931,1397 896,1395 870,1379 832,1390 779,1390 764,1381 736,1392"/>
                <Baseline points="741,1413 768,1414 795,1414 823,1414 850,1413 878,1413 905,1413 933,1414 960,1414 988,1414"/>
                <TextEquiv>
                    <Unicode>~33~Itē de p̄destinatione</Unicode>
                </TextEquiv>
            </TextLine>
            <TextLine id="r8h3t_6l30" custom="readingOrder {index:29;}">
                <Coords points="723,1481 745,1486 789,1469 858,1478 892,1465 920,1474 931,1465 1009,1459 1009,1439 908,1439 879,1422 860,1433 783,1425 745,1437 723,1432"/>
                <Baseline points="728,1462 753,1462 778,1462 803,1461 828,1461 853,1460 878,1460 903,1459 928,1459 953,1460 978,1461 1004,1462"/>
                <TextEquiv>
                    <Unicode>~34~Itē de p̄destinatione</Unicode>
                </TextEquiv>
            </TextLine>
            <TextEquiv>
                <Unicode>nati puero in carcere nato et&#13;
nutrito cōparemur &lt;seg&gt;possit&lt;/seg&gt;&#13;
~15~Qđ nullus ꝑ semetipsum bonus fieri&#13;
~16~De eadem re&#13;
~17~De eadem re&#13;
~18~Qđ gr̅a diuina n̅ solū peccata dimit¬&#13;
tat s etiā adiuuet ne cōmittant&#13;
~19~Qđ p̄destinatio di̅ ita sit ordinata&#13;
ut ea nociua quę p̄destinata sunt&#13;
electorū p̄cibus solui quęant&#13;
~20~Itē de p̄destinatione&#13;
~21~De di̅ p̄uidentia simul et ꝓuidentia&#13;
~22~Qđ diuina &lt;del&gt;ęt̅nitas&lt;/del&gt; nec fuisse nec futurū&#13;
ee̅ habeat&#13;
~23~Qđ cuncta quę hominibus fiunt&#13;
absq omnipotentis occulto c̅silio&#13;
non ueniant&#13;
~24~De eadem re&#13;
~25~Qđ ds̅ singulis dies suos p̄figat ut nec&#13;
minui nec augeri possint&#13;
~26~Qđ ds̅ nr̅a peccata dissimulet&#13;
~27~Qđ ds̅ cuncta disponat et c̅sideret&#13;
uniuersorū finem&#13;
~28~Itē de p̄destinatione&#13;
~29~Itē de p̄destinatione&#13;
~30~Itē de p̄destinatione&#13;
~31~Itē de p̄destinatione&#13;
~32~Itē de p̄destinatione&#13;
~33~Itē de p̄destinatione&#13;
~34~Itē de p̄destinatione</Unicode>
            </TextEquiv>
        </TextRegion>
        <TextRegion orientation="0.0" id="TextRegion_1666693766962_293" custom="readingOrder {index:18;} structure {type:chapter_count;}">
            <Coords points="1187,171 1398,171 1398,309 1187,309"/>
            <TextLine id="line_1666693767000_296" custom="readingOrder {index:0;}">
                <Coords points="1192,313 1203,315 1212,309 1219,315 1255,312 1271,319 1273,273 1263,273 1260,270 1255,273 1244,267 1240,271 1230,271 1220,280 1210,272 1201,276 1193,274"/>
                <Baseline points="1197,306 1267,308"/>
                <TextEquiv>
                    <Unicode>~15~xv</Unicode>
                </TextEquiv>
            </TextLine>
            <TextEquiv>
                <Unicode>~15~xv</Unicode>
            </TextEquiv>
        </TextRegion>
        <TextRegion orientation="0.0" id="TextRegion_1666693766961_292" custom="readingOrder {index:19;} structure {type:chapter_count;}">
            <Coords points="1187,309 1398,309 1398,357 1187,357"/>
            <TextLine id="line_1666693765846_288" custom="readingOrder {index:0;}">
                <Coords points="1195,369 1204,370 1206,368 1214,368 1219,364 1225,365 1230,360 1234,360 1239,364 1268,363 1270,330 1226,331 1215,338 1208,331 1197,330"/>
                <Baseline points="1201,355 1264,356"/>
                <TextEquiv>
                    <Unicode>~16~xvi</Unicode>
                </TextEquiv>
            </TextLine>
            <TextEquiv>
                <Unicode>~16~xvi</Unicode>
            </TextEquiv>
        </TextRegion>
        <TextRegion orientation="0.0" id="TextRegion_1666693765836_284" custom="readingOrder {index:20;} structure {type:chapter_count;}">
            <Coords points="1187,357 1398,357 1398,403 1187,403"/>
            <TextLine id="line_1666693765847_289" custom="readingOrder {index:0;}">
                <Coords points="1205,407 1217,407 1223,413 1242,417 1255,404 1286,397 1286,372 1267,380 1258,373 1248,378 1233,373 1228,378 1221,379 1217,375 1205,375"/>
                <Baseline points="1210,394 1281,394"/>
                <TextEquiv>
                    <Unicode>~17~xvii</Unicode>
                </TextEquiv>
            </TextLine>
            <TextEquiv>
                <Unicode>~17~xvii</Unicode>
            </TextEquiv>
        </TextRegion>
        <TextRegion orientation="0.0" id="TextRegion_1666693764865_278" custom="readingOrder {index:21;} structure {type:chapter_count;}">
            <Coords points="1187,403 1398,403 1398,463 1187,463"/>
            <TextLine id="line_1666693764908_281" custom="readingOrder {index:0;}">
                <Coords points="1195,442 1203,444 1211,437 1220,440 1231,437 1237,442 1244,438 1250,444 1254,440 1266,440 1277,446 1293,435 1299,437 1300,409 1278,407 1271,400 1260,404 1246,401 1239,408 1221,399 1208,409 1196,405"/>
                <Baseline points="1200,435 1294,436"/>
                <TextEquiv>
                    <Unicode>~18~xviii</Unicode>
                </TextEquiv>
            </TextLine>
            <TextEquiv>
                <Unicode>~18~xviii</Unicode>
            </TextEquiv>
        </TextRegion>
        <TextRegion orientation="0.0" id="TextRegion_1666693763695_274" custom="readingOrder {index:22;} structure {type:chapter_count;}">
            <Coords points="1187,463 1398,463 1398,591 1187,591"/>
            <TextLine id="line_1666693689939_134" custom="readingOrder {index:0;}">
                <Coords points="1194,535 1228,526 1236,536 1244,534 1251,538 1256,534 1258,537 1270,535 1285,526 1290,531 1297,525 1313,523 1313,512 1304,507 1271,500 1266,495 1261,499 1250,498 1242,491 1212,511 1195,509"/>
                <Baseline points="1200,527 1308,531"/>
                <TextEquiv>
                    <Unicode>~19~xviiii</Unicode>
                </TextEquiv>
            </TextLine>
            <TextEquiv>
                <Unicode>~19~xviiii</Unicode>
            </TextEquiv>
        </TextRegion>
        <TextRegion orientation="0.0" id="TextRegion_1666693762698_270" custom="readingOrder {index:23;} structure {type:chapter_count;}">
            <Coords points="1187,591 1398,591 1398,672 1187,672"/>
            <TextLine id="line_1666693696821_139" custom="readingOrder {index:0;}">
                <Coords points="1195,672 1203,672 1211,665 1222,671 1229,668 1250,669 1267,678 1276,678 1276,629 1270,630 1261,623 1240,643 1214,636 1206,641 1195,641"/>
                <Baseline points="1200,663 1257,664 1271,662"/>
                <TextEquiv>
                    <Unicode>~20~xx</Unicode>
                </TextEquiv>
            </TextLine>
            <TextEquiv>
                <Unicode>~20~xx</Unicode>
            </TextEquiv>
        </TextRegion>
        <TextRegion orientation="0.0" id="TextRegion_1666693761788_264" custom="readingOrder {index:24;} structure {type:chapter_count;}">
            <Coords points="1187,672 1398,672 1398,716 1187,716"/>
            <TextLine id="line_1666693761825_267" custom="readingOrder {index:0;}">
                <Coords points="1203,707 1227,706 1234,710 1239,706 1244,707 1250,702 1251,704 1259,703 1267,710 1272,710 1275,678 1259,676 1250,669 1233,670 1230,668 1222,671 1219,668 1207,666"/>
                <Baseline points="1209,697 1268,702"/>
                <TextEquiv>
                    <Unicode>~21~xxi</Unicode>
                </TextEquiv>
            </TextLine>
            <TextEquiv>
                <Unicode>~21~xxi</Unicode>
            </TextEquiv>
        </TextRegion>
        <TextRegion orientation="0.0" id="TextRegion_1666693760186_258" custom="readingOrder {index:25;} structure {type:chapter_count;}">
            <Coords points="1187,716 1398,716 1398,768 1187,768"/>
            <TextLine id="line_1666693760200_261" custom="readingOrder {index:0;}">
                <Coords points="1202,770 1214,771 1232,759 1252,771 1273,774 1275,719 1264,721 1252,712 1243,719 1238,716 1225,718 1221,712 1218,714 1205,711"/>
                <Baseline points="1208,740 1238,742 1269,743"/>
                <TextEquiv>
                    <Unicode>~22~xxii</Unicode>
                </TextEquiv>
            </TextLine>
            <TextEquiv>
                <Unicode>~22~xxii</Unicode>
            </TextEquiv>
        </TextRegion>
        <TextRegion orientation="0.0" id="TextRegion_1666693759252_254" custom="readingOrder {index:26;} structure {type:chapter_count;}">
            <Coords points="1187,768 1398,768 1398,877 1187,877"/>
            <TextLine id="rqtuD_4l4" custom="readingOrder {index:0;}">
                <Coords points="1208,826 1215,825 1227,832 1233,830 1250,843 1260,839 1271,851 1294,855 1296,791 1275,784 1264,776 1261,778 1240,765 1209,774"/>
                <Baseline points="1213,826 1238,828 1264,827 1290,829"/>
                <TextEquiv>
                    <Unicode>~23~xxiii</Unicode>
                </TextEquiv>
            </TextLine>
            <TextEquiv>
                <Unicode>~23~xxiii</Unicode>
            </TextEquiv>
        </TextRegion>
        <TextRegion orientation="0.0" id="TextRegion_1666693757642_250" custom="readingOrder {index:27;} structure {type:chapter_count;}">
            <Coords points="1187,877 1398,877 1398,972 1187,972"/>
            <TextLine id="rqtuD_4l5" custom="readingOrder {index:0;}">
                <Coords points="1207,973 1232,968 1256,980 1261,975 1268,976 1276,971 1289,973 1296,966 1303,967 1304,938 1287,939 1279,934 1274,936 1263,932 1253,938 1234,935 1222,940 1208,933"/>
                <Baseline points="1212,957 1240,959 1269,960 1298,959"/>
                <TextEquiv>
                    <Unicode>~24~xxiiii</Unicode>
                </TextEquiv>
            </TextLine>
            <TextEquiv>
                <Unicode>~24~xxiiii</Unicode>
            </TextEquiv>
        </TextRegion>
        <TextRegion orientation="0.0" id="TextRegion_1666693756966_246" custom="readingOrder {index:28;} structure {type:chapter_count;}">
            <Coords points="1187,972 1398,972 1398,1011 1187,1011"/>
            <TextLine id="rqtuD_4l6" custom="readingOrder {index:0;}">
                <Coords points="1195,1006 1215,1008 1225,1017 1243,1013 1248,1018 1253,1018 1263,1007 1270,1012 1279,1010 1279,982 1254,981 1242,975 1232,982 1225,981 1215,973 1195,973"/>
                <Baseline points="1200,1001 1274,1000"/>
                <TextEquiv>
                    <Unicode>~25~xxv</Unicode>
                </TextEquiv>
            </TextLine>
            <TextEquiv>
                <Unicode>~25~xxv</Unicode>
            </TextEquiv>
        </TextRegion>
        <TextRegion orientation="0.0" id="TextRegion_1666693756293_242" custom="readingOrder {index:29;} structure {type:chapter_count;}">
            <Coords points="1187,1011 1398,1011 1398,1096 1187,1096"/>
            <TextLine id="line_1666693706697_149" custom="readingOrder {index:0;}">
                <Coords points="1201,1095 1210,1099 1217,1092 1232,1095 1243,1087 1272,1097 1283,1097 1291,1091 1304,1089 1304,1074 1296,1074 1278,1060 1254,1066 1248,1060 1236,1059 1225,1050 1202,1049"/>
                <Baseline points="1206,1087 1299,1089"/>
                <TextEquiv>
                    <Unicode>~26~xxvi</Unicode>
                </TextEquiv>
            </TextLine>
            <TextEquiv>
                <Unicode>~26~xxvi</Unicode>
            </TextEquiv>
        </TextRegion>
        <TextRegion orientation="0.0" id="TextRegion_1666693755547_236" custom="readingOrder {index:30;} structure {type:chapter_count;}">
            <Coords points="1187,1096 1398,1096 1398,1159 1187,1159"/>
            <TextLine id="line_1666693755563_239" custom="readingOrder {index:0;}">
                <Coords points="1200,1133 1224,1138 1232,1135 1240,1139 1293,1136 1297,1140 1307,1140 1306,1098 1288,1100 1279,1095 1258,1102 1249,1110 1237,1104 1231,1107 1208,1102 1199,1105"/>
                <Baseline points="1205,1133 1302,1130"/>
                <TextEquiv>
                    <Unicode>~27~xxvii</Unicode>
                </TextEquiv>
            </TextLine>
            <TextEquiv>
                <Unicode>~27~xxvii</Unicode>
            </TextEquiv>
        </TextRegion>
        <TextRegion orientation="0.0" id="TextRegion_1666693753990_232" custom="readingOrder {index:31;} structure {type:chapter_count;}">
            <Coords points="1187,1159 1398,1159 1398,1224 1187,1224"/>
            <TextLine id="rqtuD_4l7" custom="readingOrder {index:0;}">
                <Coords points="1203,1218 1242,1217 1262,1232 1276,1222 1297,1225 1297,1193 1268,1191 1254,1182 1243,1182 1236,1188 1213,1169 1203,1169"/>
                <Baseline points="1208,1208 1236,1208 1264,1208 1292,1208"/>
                <TextEquiv>
                    <Unicode>~28~xxviii</Unicode>
                </TextEquiv>
            </TextLine>
            <TextEquiv>
                <Unicode>~28~xxviii</Unicode>
            </TextEquiv>
        </TextRegion>
        <TextRegion orientation="0.0" id="TextRegion_1666693774326_300" custom="readingOrder {index:32;} structure {type:chapter_count;}">
            <Coords points="1187,1224 1398,1224 1398,1265 1187,1265"/>
            <TextLine id="line_1666693774340_303" custom="readingOrder {index:0;}">
                <Coords points="1201,1256 1211,1259 1231,1256 1242,1263 1264,1264 1278,1255 1288,1262 1305,1262 1304,1228 1292,1229 1277,1237 1265,1231 1249,1235 1240,1233 1233,1226 1223,1228 1217,1223 1200,1221"/>
                <Baseline points="1206,1256 1237,1251 1268,1253 1299,1253"/>
                <TextEquiv>
                    <Unicode>~29~xxviiii</Unicode>
                </TextEquiv>
            </TextLine>
            <TextEquiv>
                <Unicode>~29~xxviiii</Unicode>
            </TextEquiv>
        </TextRegion>
        <TextRegion orientation="0.0" id="TextRegion_1666693774325_299" custom="readingOrder {index:33;} structure {type:chapter_count;}">
            <Coords points="1187,1265 1398,1265 1398,1304 1187,1304"/>
            <TextLine id="line_1666693774340_304" custom="readingOrder {index:0;}">
                <Coords points="1197,1301 1206,1301 1212,1307 1220,1302 1228,1306 1235,1299 1252,1299 1258,1305 1284,1303 1293,1306 1293,1275 1273,1273 1261,1278 1251,1273 1240,1277 1233,1271 1226,1276 1213,1271 1204,1279 1197,1279"/>
                <Baseline points="1202,1294 1288,1292"/>
                <TextEquiv>
                    <Unicode>~30~xxx</Unicode>
                </TextEquiv>
            </TextLine>
            <TextEquiv>
                <Unicode>~30~xxx</Unicode>
            </TextEquiv>
        </TextRegion>
        <TextRegion orientation="0.0" id="TextRegion_1666693749485_222" custom="readingOrder {index:34;} structure {type:chapter_count;}">
            <Coords points="1187,1304 1398,1304 1398,1346 1187,1346"/>
            <TextLine id="line_1666693749498_225" custom="readingOrder {index:0;}">
                <Coords points="1197,1332 1215,1338 1222,1346 1229,1340 1241,1339 1251,1340 1265,1354 1275,1349 1296,1353 1298,1309 1290,1310 1284,1303 1276,1304 1270,1310 1261,1308 1247,1317 1222,1308 1209,1313 1198,1310"/>
                <Baseline points="1202,1335 1292,1339"/>
                <TextEquiv>
                    <Unicode>~31~xxxi</Unicode>
                </TextEquiv>
            </TextLine>
            <TextEquiv>
                <Unicode>~31~xxxi</Unicode>
            </TextEquiv>
        </TextRegion>
        <TextRegion orientation="0.0" id="TextRegion_1666693748120_216" custom="readingOrder {index:35;} structure {type:chapter_count;}">
            <Coords points="1187,1346 1398,1346 1398,1399 1187,1399"/>
            <TextLine id="line_1666693748132_219" custom="readingOrder {index:0;}">
                <Coords points="1197,1394 1209,1392 1218,1396 1247,1388 1256,1396 1272,1393 1288,1384 1293,1390 1304,1390 1306,1343 1295,1346 1285,1355 1275,1349 1258,1363 1228,1359 1199,1363"/>
                <Baseline points="1203,1380 1299,1384"/>
                <TextEquiv>
                    <Unicode>~32~xxxii</Unicode>
                </TextEquiv>
            </TextLine>
            <TextEquiv>
                <Unicode>~32~xxxii</Unicode>
            </TextEquiv>
        </TextRegion>
        <TextRegion orientation="0.0" id="TextRegion_1666693746213_210" custom="readingOrder {index:36;} structure {type:chapter_count;}">
            <Coords points="1187,1399 1398,1399 1398,1434 1187,1434"/>
            <TextLine id="line_1666693746225_213" custom="readingOrder {index:0;}">
                <Coords points="1203,1438 1234,1432 1253,1442 1268,1433 1275,1437 1321,1425 1321,1409 1306,1409 1294,1399 1285,1404 1260,1403 1251,1393 1243,1395 1237,1390 1228,1397 1222,1395 1205,1403"/>
                <Baseline points="1209,1426 1316,1430"/>
                <TextEquiv>
                    <Unicode>~33~xxxiii</Unicode>
                </TextEquiv>
            </TextLine>
            <TextEquiv>
                <Unicode>~33~xxxiii</Unicode>
            </TextEquiv>
        </TextRegion>
    </Page>
</PcGts>
