<?xml version="1.0" encoding="UTF-8" standalone="yes"?>
<PcGts xmlns="http://schema.primaresearch.org/PAGE/gts/pagecontent/2013-07-15" xmlns:xsi="http://www.w3.org/2001/XMLSchema-instance" xsi:schemaLocation="http://schema.primaresearch.org/PAGE/gts/pagecontent/2013-07-15 http://schema.primaresearch.org/PAGE/gts/pagecontent/2013-07-15/pagecontent.xsd">
    <Metadata>
        <Creator>prov=University of Rostock/Institute of Mathematics/CITlab|PLANET AI GmbH/Gundram Leifert/gundram.leifert@planet-ai.de:name=bdd-wormser-scriptorium-0.1(htr_id=45584)::::v=2.6.7
prov=University of Rostock/Institute of Mathematics/CITlab|PLANET AI GmbH/Tobias Gruening/tobias.gruening@planet-ai.de:name=de.uros.citlab.module.baseline2polygon.B2PSeamMultiOriented:v=2.6.7
prov=University of Rostock/Institute of Mathematics/CITlab|PLANET AI GmbH/Tobias Gruening/tobias.gruening@planet-ai.de:name=/net_tf/LA73_249_0mod360.pb:de.uros.citlab.segmentation.CITlab_LA_ML:v=2.6.7
prov=University of Rostock/Institute of Mathematics/CITlab|PLANET AI GmbH/Tobias Gruening/tobias.gruening@planet-ai.de:name=/net_tf/LA73_249_0mod360.pb:de.uros.citlab.segmentation.CITlab_LA_ML:v=2.6.7
prov=University of Rostock/Institute of Mathematics/CITlab|PLANET AI GmbH/Tobias Gruening/tobias.gruening@planet-ai.de:name=/net_tf/LA73_249_0mod360.pb:de.uros.citlab.segmentation.CITlab_LA_ML:v=2.6.7
prov=University of Rostock/Institute of Mathematics/CITlab|PLANET AI GmbH/Gundram Leifert/gundram.leifert@planet-ai.de:name=bdd-wormser-scriptorium-0.1(htr_id=45584)::::v=2.6.7
prov=University of Rostock/Institute of Mathematics/CITlab|PLANET AI GmbH/Tobias Gruening/tobias.gruening@planet-ai.de:name=de.uros.citlab.module.baseline2polygon.B2PSeamMultiOriented:v=2.6.7
prov=University of Rostock/Institute of Mathematics/CITlab|PLANET AI GmbH/Tobias Gruening/tobias.gruening@planet-ai.de:name=/net_tf/LA73_249_0mod360.pb:de.uros.citlab.segmentation.CITlab_LA_ML:v=2.6.7
P2PaLA-PRHLT</Creator>
        <Created>2022-10-21T09:49:55</Created>
        <LastChange>2023-02-20T09:47:56.961+01:00</LastChange>
        <TranskribusMetadata docId="732612" pageId="27998187" pageNr="573" tsid="114996502" status="FINAL" userId="19940" imgUrl="https://files.transkribus.eu/Get?id=CEEQIJRMFIHPOFREPSHIYBKC&amp;fileType=view" xmlUrl="https://files.transkribus.eu/Get?id=KSAPZTOUDBCWDUJPLYEAJKCA" imageId="21791153"/>
    </Metadata>
    <Page imageFilename="00573.jpg" imageWidth="1500" imageHeight="1848">
        <ReadingOrder>
            <OrderedGroup id="ro_1676883799147" caption="Regions reading order">
                <RegionRefIndexed index="0" regionRef="TextRegion_1666694671448_981"/>
                <RegionRefIndexed index="1" regionRef="rzsCw_8"/>
                <RegionRefIndexed index="2" regionRef="rfU0B_3"/>
                <RegionRefIndexed index="3" regionRef="rvqHZ_5"/>
                <RegionRefIndexed index="4" regionRef="rP8ew_12"/>
                <RegionRefIndexed index="5" regionRef="rOqiC_13"/>
                <RegionRefIndexed index="6" regionRef="r3M8z_4"/>
                <RegionRefIndexed index="7" regionRef="r3OOu_7"/>
                <RegionRefIndexed index="8" regionRef="rRIgl_2"/>
                <RegionRefIndexed index="9" regionRef="r47pm_6"/>
                <RegionRefIndexed index="10" regionRef="rCl9d_1"/>
            </OrderedGroup>
        </ReadingOrder>
        <TextRegion orientation="0.0" id="TextRegion_1666694671448_981" custom="readingOrder {index:0;} structure {type:header;}">
            <Coords points="432,1 432,-1 432,-36 1076,-36 1076,-1 1076,1 1076,136 432,136"/>
            <TextLine id="TextRegion_1666694671448_981l1" custom="readingOrder {index:0;}">
                <Coords points="441,123 1043,131 1043,102 970,90 823,105 736,84 643,105 441,95"/>
                <Baseline points="446,111 475,113 505,114 534,115 564,116 594,117 623,117 653,117 682,117 712,117 742,117 771,117 801,117 830,117 860,117 890,117 919,117 949,117 978,117 1008,117 1038,117"/>
                <TextEquiv>
                    <Unicode>xx liƀ de p̄destinatione de aduentu antichristi de die iudicii</Unicode>
                </TextEquiv>
            </TextLine>
            <TextEquiv>
                <Unicode>xx liƀ de p̄destinatione de aduentu antichristi de die iudicii</Unicode>
            </TextEquiv>
        </TextRegion>
        <TextRegion id="rzsCw_8" custom="readingOrder {index:1;} structure {type:chapter_count;}">
            <Coords points="83,491 208,491 208,595 83,595"/>
            <TextLine id="line_1666694819621_1157" custom="readingOrder {index:0;}">
                <Coords points="149,573 161,571 164,568 167,571 172,569 175,572 178,570 181,572 189,570 191,572 202,564 207,564 207,543 194,546 187,541 183,542 178,537 167,543 158,545 149,544"/>
                <Baseline points="154,558 202,558"/>
                <TextEquiv>
                    <Unicode>*1*i</Unicode>
                </TextEquiv>
            </TextLine>
            <TextEquiv>
                <Unicode>*1*i</Unicode>
            </TextEquiv>
        </TextRegion>
        <TextRegion orientation="0.0" id="rfU0B_3" custom="readingOrder {index:2;} structure {type:Inskription;}">
            <Coords points="78,607 229,607 229,779 78,779"/>
            <TextLine id="rfU0B_3l1" custom="readingOrder {index:0;}">
                <Coords points="120,672 130,668 150,671 165,662 186,667 197,665 206,670 215,667 219,671 234,666 233,626 202,622 190,629 164,631 143,625 129,636 119,636"/>
                <Baseline points="124,650 150,649 176,650 202,649 228,648"/>
                <TextEquiv>
                    <Unicode>*1*...Augustinus dic̅</Unicode>
                </TextEquiv>
            </TextLine>
            <TextEquiv>
                <Unicode>*1*...Augustinus dic̅</Unicode>
            </TextEquiv>
        </TextRegion>
        <TextRegion id="rvqHZ_5" custom="readingOrder {index:3;} structure {type:chapter_count;}">
            <Coords points="111,1395 216,1395 216,1485 111,1485"/>
            <TextLine id="line_1666694825955_1164" custom="readingOrder {index:0;}">
                <Coords points="156,1472 165,1471 170,1474 179,1473 196,1458 205,1457 204,1431 193,1432 188,1429 181,1429 173,1434 169,1433 164,1428 155,1429"/>
                <Baseline points="161,1459 200,1458"/>
                <TextEquiv>
                    <Unicode>*2*ii</Unicode>
                </TextEquiv>
            </TextLine>
            <TextEquiv>
                <Unicode>*2*ii</Unicode>
            </TextEquiv>
        </TextRegion>
        <TextRegion orientation="0.0" id="rP8ew_12" custom="readingOrder {index:4;} structure {type:column_1;}">
            <Coords points="229,163 704,162 687,1508 239,1501"/>
            <TextLine id="rP8ew_12l1" custom="readingOrder {index:0;}">
                <Coords points="228,227 256,217 406,227 437,216 519,222 562,241 631,236 631,190 478,198 228,165"/>
                <Baseline points="233,214 259,214 285,214 311,214 337,214 364,213 390,213 416,213 442,213 468,213 495,213 521,213 547,214 573,214 599,215 626,216"/>
                <TextEquiv>
                    <Unicode>*i*INCIPIT LIBER VIGESIMVS</Unicode>
                </TextEquiv>
            </TextLine>
            <TextLine id="rP8ew_12l2" custom="readingOrder {index:1;}">
                <Coords points="258,274 309,261 391,271 405,259 474,259 542,283 587,269 607,282 669,271 669,245 614,233 562,241 455,224 401,239 361,217 300,240 258,230"/>
                <Baseline points="263,258 288,257 313,256 338,256 363,256 388,256 413,256 438,256 463,256 488,257 513,257 538,257 563,258 588,258 613,258 638,258 664,258"/>
                <TextEquiv>
                    <Unicode>qui speculationū liber uocat</Unicode>
                </TextEquiv>
            </TextLine>
            <TextLine id="rP8ew_12l3" custom="readingOrder {index:2;}">
                <Coords points="234,336 269,312 309,307 356,319 419,303 473,317 487,307 658,314 658,270 630,284 519,273 503,286 307,265 273,281 234,268"/>
                <Baseline points="239,305 264,303 290,302 316,301 342,300 368,300 394,300 420,300 446,301 471,302 497,302 523,303 549,303 575,304 601,304 627,304 653,303"/>
                <TextEquiv>
                    <Unicode>*p*Speculat enī de ꝓuidentia et p̄¬</Unicode>
                </TextEquiv>
            </TextLine>
            <TextLine id="rP8ew_12l4" custom="readingOrder {index:3;}">
                <Coords points="262,345 304,367 378,347 515,362 537,351 584,368 661,354 661,312 558,328 442,311 414,325 262,312"/>
                <Baseline points="267,344 292,343 318,342 344,342 370,342 396,342 422,343 448,343 474,344 500,345 526,345 552,346 578,346 604,346 630,346 656,345"/>
                <TextEquiv>
                    <Unicode>destinatione diuina et de ad¬</Unicode>
                </TextEquiv>
            </TextLine>
            <TextLine id="rP8ew_12l5" custom="readingOrder {index:4;}">
                <Coords points="263,391 582,392 621,404 671,392 672,359 591,373 533,358 455,366 427,348 389,367 264,368"/>
                <Baseline points="268,387 294,386 321,385 347,385 374,385 400,385 427,386 453,386 480,387 506,388 533,388 559,389 586,389 612,390 639,390 666,390"/>
                <TextEquiv>
                    <Unicode>uentū antichristi de eius ope¬</Unicode>
                </TextEquiv>
            </TextLine>
            <TextLine id="rP8ew_12l6" custom="readingOrder {index:5;}">
                <Coords points="260,448 359,454 395,441 415,455 451,446 480,454 503,435 554,431 603,452 604,399 475,404 436,391 347,387 291,399 261,391"/>
                <Baseline points="265,428 290,428 316,428 341,428 367,428 393,429 418,429 444,430 469,430 495,431 521,431 546,432 572,432 598,432"/>
                <TextEquiv>
                    <Unicode>rib de resurrectione de die</Unicode>
                </TextEquiv>
            </TextLine>
            <TextLine id="rP8ew_12l7" custom="readingOrder {index:6;}">
                <Coords points="261,486 502,502 529,487 574,498 623,486 643,498 660,489 661,455 575,461 522,448 505,458 451,446 434,458 388,440 359,454 262,454"/>
                <Baseline points="267,474 292,473 318,473 344,473 370,473 396,473 422,474 448,474 474,475 500,476 526,476 552,477 578,477 604,478 630,478 656,477"/>
                <TextEquiv>
                    <Unicode>iudicii de infernalib poenis</Unicode>
                </TextEquiv>
            </TextLine>
            <TextLine id="rP8ew_12l8" custom="readingOrder {index:7;}">
                <Coords points="253,524 291,524 319,541 362,522 395,537 411,526 430,542 498,524 544,549 641,533 641,500 616,503 599,489 503,502 432,490 358,497 279,479 253,489"/>
                <Baseline points="258,516 283,516 308,516 333,516 358,517 384,517 409,518 434,518 459,519 484,519 510,520 535,520 560,520 585,520 610,520 636,519"/>
                <TextEquiv>
                    <Unicode>de felicitate ꝑpetuę uitę#p#</Unicode>
                </TextEquiv>
            </TextLine>
            <TextLine id="rP8ew_12l9" custom="readingOrder {index:8;}">
                <Coords points="259,585 295,568 367,589 416,568 482,566 505,586 668,568 668,544 630,540 538,549 429,542 409,526 373,545 357,534 317,541 292,523 260,529"/>
                <Baseline points="264,562 290,562 317,561 343,561 370,561 397,561 423,562 450,562 476,562 503,563 530,563 556,563 583,564 609,564 636,564 663,564"/>
                <TextEquiv>
                    <Unicode>*1*Qđ animę humanę int̅ cęte¬</Unicode>
                </TextEquiv>
            </TextLine>
            <TextLine id="rP8ew_12l10" custom="readingOrder {index:9;}">
                <Coords points="263,609 516,614 552,634 600,611 695,620 681,593 613,577 548,593 444,577 422,588 401,576 369,589 263,583"/>
                <Baseline points="268,605 294,605 320,606 347,606 373,606 399,606 426,607 452,607 479,607 505,607 531,608 558,608 584,609 610,609 637,610 663,610 690,611"/>
                <TextEquiv>
                    <Unicode>ras creaturas ab initio n̅ sint cre¬</Unicode>
                </TextEquiv>
            </TextLine>
            <TextLine id="rP8ew_12l11" custom="readingOrder {index:10;}">
                <Coords points="295,658 460,655 489,669 532,656 591,675 648,656 661,668 689,660 689,629 645,618 616,636 486,635 470,624 416,635 379,611 335,631 296,624"/>
                <Baseline points="300,649 325,649 351,650 376,650 402,650 428,650 453,650 479,651 504,651 530,651 556,652 581,652 607,653 632,655 658,656 684,658"/>
                <TextEquiv>
                    <Unicode>~ANIMAS HOMINV̅ NON ESSE &lt;seg&gt;atę&lt;/seg&gt;&lt;note&gt;caudata am e später hinzugefügt mit schwarzer Tinte&lt;/note&gt;</Unicode>
                </TextEquiv>
            </TextLine>
            <TextLine id="rP8ew_12l12" custom="readingOrder {index:11;}">
                <Coords points="299,695 518,698 540,714 601,716 669,698 670,669 644,663 616,678 571,663 545,678 513,668 478,676 434,667 420,679 396,668 300,673"/>
                <Baseline points="304,691 329,692 355,692 381,692 406,693 432,693 458,694 484,694 509,694 535,695 561,695 586,695 612,696 638,696 664,696"/>
                <TextEquiv>
                    <Unicode>dicimus ab initio int̅ cęteras</Unicode>
                </TextEquiv>
            </TextLine>
            <TextLine id="rP8ew_12l13" custom="readingOrder {index:12;}">
                <Coords points="292,748 345,737 508,741 527,754 677,745 677,715 648,709 635,719 481,707 432,718 383,704 329,715 293,691"/>
                <Baseline points="297,732 322,733 347,733 372,733 397,733 422,734 447,734 472,734 497,734 522,735 547,735 572,735 597,736 622,736 647,736 672,736"/>
                <TextEquiv>
                    <Unicode>Rintellectuales naturas nec</Unicode>
                </TextEquiv>
            </TextLine>
            <TextLine id="rP8ew_12l14" custom="readingOrder {index:13;}">
                <Coords points="263,790 470,783 505,804 567,781 621,804 648,782 675,790 675,750 263,756"/>
                <Baseline points="268,777 293,776 318,776 343,776 368,776 393,776 418,776 443,776 469,776 494,777 519,777 544,777 569,778 594,778 619,778 644,778 670,778"/>
                <TextEquiv>
                    <Unicode>semel creatas ut origenis fingit</Unicode>
                </TextEquiv>
            </TextLine>
            <TextLine id="rP8ew_12l15" custom="readingOrder {index:14;}">
                <Coords points="260,836 301,841 320,825 366,826 405,844 438,826 542,846 575,827 601,839 659,830 659,801 639,798 260,801"/>
                <Baseline points="265,821 290,821 316,821 342,821 368,822 394,822 420,822 446,823 472,823 498,823 524,824 550,824 576,824 602,824 628,823 654,823"/>
                <TextEquiv>
                    <Unicode>neq cū corporib ꝑ co&lt;del&gt;&lt;/del&gt;itū semi¬</Unicode>
                </TextEquiv>
            </TextLine>
            <TextLine id="rP8ew_12l16" custom="readingOrder {index:15;}">
                <Coords points="258,879 305,868 528,868 562,879 609,868 636,881 664,873 664,838 571,837 556,849 494,847 479,835 460,846 258,841"/>
                <Baseline points="263,864 289,864 315,863 342,863 368,863 395,863 421,863 447,863 474,863 500,864 527,864 553,864 579,864 606,864 632,864 659,864"/>
                <TextEquiv>
                    <Unicode>nari sicut luciferiani et ciril¬</Unicode>
                </TextEquiv>
            </TextLine>
            <TextLine id="rP8ew_12l17" custom="readingOrder {index:16;}">
                <Coords points="259,913 331,912 350,925 466,910 513,912 529,926 576,911 663,922 675,918 676,878 617,892 526,878 496,891 455,879 426,889 400,873 338,890 304,875 260,880"/>
                <Baseline points="264,906 289,906 314,906 340,906 365,905 390,905 416,906 441,906 467,906 492,906 517,906 543,907 568,907 593,907 619,908 644,908 670,908"/>
                <TextEquiv>
                    <Unicode>lus et aliqͥ latinorū p̄sumentes</Unicode>
                </TextEquiv>
            </TextLine>
            <TextLine id="rP8ew_12l18" custom="readingOrder {index:17;}">
                <Coords points="262,951 671,963 662,922 533,931 488,917 435,930 402,915 354,929 287,914 262,924"/>
                <Baseline points="267,946 293,946 320,945 346,945 373,946 400,946 426,946 453,946 479,946 506,946 533,946 559,947 586,947 612,948 639,948 666,948"/>
                <TextEquiv>
                    <Unicode>affirmant quasi naturę con¬</Unicode>
                </TextEquiv>
            </TextLine>
            <TextLine id="rP8ew_12l19" custom="readingOrder {index:18;}">
                <Coords points="258,1001 656,1000 671,996 671,963 258,967"/>
                <Baseline points="263,990 288,990 313,990 338,990 363,989 388,989 414,989 439,989 464,989 489,989 514,990 540,990 565,990 590,990 615,990 640,989 666,989"/>
                <TextEquiv>
                    <Unicode>sequentia seruiente sed dicim᷒</Unicode>
                </TextEquiv>
            </TextLine>
            <TextLine id="rP8ew_12l20" custom="readingOrder {index:19;}">
                <Coords points="262,1036 310,1051 329,1037 439,1035 469,1049 493,1036 519,1058 562,1036 583,1050 617,1033 687,1041 687,1015 631,999 563,1015 442,1004 399,1014 349,1001 262,1012"/>
                <Baseline points="267,1030 292,1030 318,1031 344,1031 370,1031 396,1031 422,1031 448,1032 474,1032 500,1032 526,1032 552,1031 578,1031 604,1031 630,1031 656,1030 682,1030"/>
                <TextEquiv>
                    <Unicode>corpus tantū ꝑ c̅iugii copulam</Unicode>
                </TextEquiv>
            </TextLine>
            <TextLine id="rP8ew_12l21" custom="readingOrder {index:20;}">
                <Coords points="255,1084 561,1080 592,1099 691,1072 691,1054 641,1043 520,1059 503,1044 466,1055 427,1036 397,1057 314,1058 286,1043 255,1053"/>
                <Baseline points="260,1074 285,1074 310,1074 335,1073 360,1073 385,1073 410,1073 435,1073 460,1073 485,1073 510,1073 535,1073 560,1073 585,1072 610,1072 635,1072 660,1072 686,1072"/>
                <TextEquiv>
                    <Unicode>seminari di̅ uͦ iudicio coagulari</Unicode>
                </TextEquiv>
            </TextLine>
            <TextLine id="rP8ew_12l22" custom="readingOrder {index:21;}">
                <Coords points="263,1121 367,1133 436,1120 457,1137 490,1123 614,1130 673,1121 673,1097 602,1100 563,1084 538,1099 456,1099 420,1079 352,1102 337,1090 263,1101"/>
                <Baseline points="268,1117 293,1117 318,1117 343,1117 368,1117 393,1117 418,1117 443,1117 468,1117 493,1117 518,1117 543,1117 568,1117 593,1117 618,1117 643,1116 668,1116"/>
                <TextEquiv>
                    <Unicode>inuulua et fingi atq formari</Unicode>
                </TextEquiv>
            </TextLine>
            <TextLine id="rP8ew_12l23" custom="readingOrder {index:22;}">
                <Coords points="230,1182 276,1163 337,1175 411,1160 486,1179 550,1159 623,1182 672,1162 672,1128 621,1141 569,1121 520,1142 425,1134 393,1147 272,1122 230,1128"/>
                <Baseline points="235,1160 260,1160 285,1159 311,1159 336,1159 362,1158 387,1158 412,1158 438,1158 463,1158 489,1158 514,1158 539,1158 565,1158 590,1158 616,1158 641,1157 667,1157"/>
                <TextEquiv>
                    <Unicode>#Formato iam corpore animā</Unicode>
                </TextEquiv>
            </TextLine>
            <TextLine id="rP8ew_12l24" custom="readingOrder {index:23;}">
                <Coords points="267,1214 321,1203 403,1217 426,1202 661,1204 671,1173 541,1181 513,1163 487,1179 470,1171 447,1182 430,1168 402,1182 267,1182"/>
                <Baseline points="272,1197 298,1198 324,1199 350,1199 377,1199 403,1199 429,1199 455,1199 482,1198 508,1198 534,1198 560,1197 587,1197 613,1197 639,1196 666,1196"/>
                <TextEquiv>
                    <Unicode>creari et infundi ut uiuat in</Unicode>
                </TextEquiv>
            </TextLine>
            <TextLine id="rP8ew_12l25" custom="readingOrder {index:24;}">
                <Coords points="267,1254 675,1249 674,1204 619,1203 562,1226 491,1211 473,1221 449,1204 404,1218 327,1206 305,1224 266,1209"/>
                <Baseline points="271,1239 297,1240 324,1241 350,1242 377,1242 403,1242 430,1241 456,1241 483,1241 509,1240 536,1239 562,1239 589,1238 615,1238 642,1238 669,1237"/>
                <TextEquiv>
                    <Unicode>utero homo ex anima constans</Unicode>
                </TextEquiv>
            </TextLine>
            <TextLine id="rP8ew_12l26" custom="readingOrder {index:25;}">
                <Coords points="264,1289 403,1286 433,1301 463,1284 647,1290 675,1284 675,1251 559,1264 518,1244 395,1267 353,1247 324,1265 264,1263"/>
                <Baseline points="269,1280 294,1281 319,1281 344,1282 369,1282 394,1282 419,1281 444,1281 469,1281 494,1280 519,1280 544,1279 569,1279 594,1279 619,1279 644,1279 670,1279"/>
                <TextEquiv>
                    <Unicode>et corpore egrediatq uiuus ex</Unicode>
                </TextEquiv>
            </TextLine>
            <TextLine id="rP8ew_12l27" custom="readingOrder {index:26;}">
                <Coords points="263,1330 322,1339 385,1326 405,1336 568,1325 583,1336 616,1322 616,1301 579,1304 562,1287 536,1299 492,1295 483,1286 422,1308 383,1287 350,1302 263,1307"/>
                <Baseline points="268,1321 294,1322 320,1322 347,1322 373,1322 399,1322 426,1322 452,1322 479,1322 505,1322 531,1322 558,1322 584,1322 611,1322"/>
                <TextEquiv>
                    <Unicode>utero plenus substantia</Unicode>
                </TextEquiv>
            </TextLine>
            <TextLine id="rP8ew_12l28" custom="readingOrder {index:27;}">
                <Coords points="230,1380 649,1365 648,1341 561,1327 487,1349 440,1327 394,1346 345,1330 310,1347 255,1329 229,1338"/>
                <Baseline points="235,1369 260,1368 286,1366 311,1365 337,1365 362,1364 388,1364 413,1364 439,1363 464,1363 490,1363 515,1363 541,1363 566,1362 592,1362 617,1361 643,1360"/>
                <TextEquiv>
                    <Unicode>#Creationē uero animę solum</Unicode>
                </TextEquiv>
            </TextLine>
            <TextLine id="rP8ew_12l29" custom="readingOrder {index:28;}">
                <Coords points="265,1416 316,1425 375,1410 557,1419 584,1412 584,1382 541,1378 512,1390 474,1377 436,1391 407,1381 395,1391 373,1379 337,1393 265,1390"/>
                <Baseline points="270,1408 295,1407 321,1407 347,1407 373,1406 398,1406 424,1406 450,1405 476,1405 501,1405 527,1404 553,1404 579,1403"/>
                <TextEquiv>
                    <Unicode>creatorē omniū nosse</Unicode>
                </TextEquiv>
            </TextLine>
            <TextLine id="rP8ew_12l30" custom="readingOrder {index:29;}">
                <Coords points="255,1471 384,1473 479,1455 514,1468 550,1459 571,1473 612,1454 676,1457 676,1417 653,1408 502,1425 388,1413 348,1434 255,1416"/>
                <Baseline points="260,1452 285,1451 311,1451 337,1451 362,1451 388,1450 414,1450 439,1450 465,1450 491,1450 516,1449 542,1449 568,1449 593,1449 619,1448 645,1448 671,1448"/>
                <TextEquiv>
                    <Unicode>*2*Qđ duę animę n̅ sint in uno ho¬</Unicode>
                </TextEquiv>
            </TextLine>
            <TextEquiv>
                <Unicode>*i*INCIPIT LIBER VIGESIMVS&#13;
qui speculationū liber uocat&#13;
*p*Speculat enī de ꝓuidentia et p̄¬&#13;
destinatione diuina et de ad¬&#13;
uentū antichristi de eius ope¬&#13;
rib de resurrectione de die&#13;
iudicii de infernalib poenis&#13;
de felicitate ꝑpetuę uitę#p#&#13;
*1*Qđ animę humanę int̅ cęte¬&#13;
ras creaturas ab initio n̅ sint cre¬&#13;
~ANIMAS HOMINV̅ NON ESSE &lt;seg&gt;atę&lt;/seg&gt;&lt;note&gt;caudata am e später hinzugefügt mit schwarzer Tinte&lt;/note&gt;&#13;
dicimus ab initio int̅ cęteras&#13;
Rintellectuales naturas nec&#13;
semel creatas ut origenis fingit&#13;
neq cū corporib ꝑ co&lt;del&gt;&lt;/del&gt;itū semi¬&#13;
nari sicut luciferiani et ciril¬&#13;
lus et aliqͥ latinorū p̄sumentes&#13;
affirmant quasi naturę con¬&#13;
sequentia seruiente sed dicim᷒&#13;
corpus tantū ꝑ c̅iugii copulam&#13;
seminari di̅ uͦ iudicio coagulari&#13;
inuulua et fingi atq formari&#13;
#Formato iam corpore animā&#13;
creari et infundi ut uiuat in&#13;
utero homo ex anima constans&#13;
et corpore egrediatq uiuus ex&#13;
utero plenus substantia&#13;
#Creationē uero animę solum&#13;
creatorē omniū nosse&#13;
*2*Qđ duę animę n̅ sint in uno ho¬</Unicode>
            </TextEquiv>
        </TextRegion>
        <TextRegion orientation="0.0" id="rOqiC_13" custom="readingOrder {index:5;} structure {type:column_2;}">
            <Coords points="685,158 1171,178 1161,449 1224,531 1223,582 1152,633 1147,1165 1162,1296 1146,1303 1127,1518 685,1521"/>
            <TextLine id="rOqiC_13l1" custom="readingOrder {index:0;}">
                <Coords points="707,217 786,219 862,246 921,246 967,221 1019,233 1157,221 1158,160 1058,157 1007,172 914,150 787,158 757,174 708,162"/>
                <Baseline points="712,213 737,214 763,214 789,215 815,215 841,215 867,215 893,215 919,215 944,216 970,216 996,216 1022,216 1048,216 1074,217 1100,217 1126,218 1152,219"/>
                <TextEquiv>
                    <Unicode>mine ut quidā dicunt sed una</Unicode>
                </TextEquiv>
            </TextLine>
            <TextLine id="rOqiC_13l2" custom="readingOrder {index:1;}">
                <Coords points="703,284 796,287 822,265 1178,271 1190,243 1130,231 1110,243 1052,220 1023,244 862,247 704,220"/>
                <Baseline points="708,257 733,257 758,258 783,258 808,258 833,259 858,259 883,259 908,259 933,260 958,260 983,260 1008,260 1033,261 1058,261 1083,262 1108,263 1133,263 1158,264 1184,265"/>
                <TextEquiv>
                    <Unicode>~Non duas animas ee̅ dici¬ &lt;seg&gt;tantū&lt;/seg&gt;</Unicode>
                </TextEquiv>
            </TextLine>
            <TextLine id="rOqiC_13l3" custom="readingOrder {index:2;}">
                <Coords points="706,308 960,309 1081,331 1153,313 1154,279 1073,294 1006,277 968,292 870,277 707,284"/>
                <Baseline points="711,302 736,302 762,302 788,303 813,303 839,303 865,303 890,304 916,304 942,305 968,305 993,306 1019,306 1045,306 1070,307 1096,308 1122,308 1148,309"/>
                <TextEquiv>
                    <Unicode>mus in uno homine sicuti quidā</Unicode>
                </TextEquiv>
            </TextLine>
            <TextLine id="rOqiC_13l4" custom="readingOrder {index:3;}">
                <Coords points="713,354 921,351 974,367 1019,355 1089,372 1106,358 1173,386 1174,332 1138,313 1064,335 1042,321 916,328 896,313 847,330 714,321"/>
                <Baseline points="718,345 743,345 768,345 793,346 818,346 843,346 868,347 893,347 918,347 943,348 968,349 993,349 1018,350 1043,350 1068,351 1093,351 1118,352 1143,353 1168,353"/>
                <TextEquiv>
                    <Unicode>iacobus et alii sirorū disputatores</Unicode>
                </TextEquiv>
            </TextLine>
            <TextLine id="rOqiC_13l5" custom="readingOrder {index:4;}">
                <Coords points="709,411 743,393 775,415 860,395 1124,411 1135,409 1136,371 1107,359 1025,378 967,364 928,378 710,367"/>
                <Baseline points="714,391 740,391 766,391 792,391 818,391 844,391 870,392 896,392 922,392 948,392 974,393 1000,393 1026,393 1052,394 1078,394 1104,394 1130,394"/>
                <TextEquiv>
                    <Unicode>scribunt ut una anima sit de</Unicode>
                </TextEquiv>
            </TextLine>
            <TextLine id="rOqiC_13l6" custom="readingOrder {index:5;}">
                <Coords points="705,452 775,436 879,439 927,457 985,437 1031,458 1134,451 1130,410 1032,421 866,406 840,418 706,413"/>
                <Baseline points="711,433 737,433 763,433 789,433 815,434 841,434 867,434 893,434 920,434 946,435 972,435 998,436 1024,436 1050,437 1076,438 1102,438 1129,440"/>
                <TextEquiv>
                    <Unicode>quā animet corpus et inmixta</Unicode>
                </TextEquiv>
            </TextLine>
            <TextLine id="rOqiC_13l7" custom="readingOrder {index:6;}">
                <Coords points="707,481 764,481 796,504 849,480 983,483 1021,500 1062,484 1127,502 1128,453 1048,462 1021,451 1000,465 896,450 877,462 708,451"/>
                <Baseline points="713,477 738,477 764,477 789,477 815,477 841,477 866,478 892,478 918,478 943,478 969,478 994,479 1020,479 1046,480 1071,481 1097,481 1123,482"/>
                <TextEquiv>
                    <Unicode>sit sanguini et altera spiritalis</Unicode>
                </TextEquiv>
            </TextLine>
            <TextLine id="rOqiC_13l8" custom="readingOrder {index:7;}">
                <Coords points="716,544 911,526 1146,546 1147,495 1116,504 1069,489 975,507 955,488 912,508 717,498"/>
                <Baseline points="722,519 748,519 774,519 800,520 827,520 853,520 879,521 905,521 932,521 958,522 984,522 1010,523 1037,523 1063,523 1089,523 1115,523 1142,524"/>
                <TextEquiv>
                    <Unicode>quę rationē ministret s dicimus</Unicode>
                </TextEquiv>
            </TextLine>
            <TextLine id="rOqiC_13l9" custom="readingOrder {index:8;}">
                <Coords points="713,569 819,587 887,568 928,581 976,569 1175,576 1193,569 1193,536 1128,553 1087,538 1007,550 893,548 873,534 841,549 713,541"/>
                <Baseline points="718,563 744,563 770,563 796,564 822,564 848,564 874,564 900,564 926,564 953,565 979,565 1005,565 1031,565 1057,565 1083,566 1109,566 1135,567 1161,567 1188,568"/>
                <TextEquiv>
                    <Unicode>unā ee̅ eandemq animā in homine</Unicode>
                </TextEquiv>
            </TextLine>
            <TextLine id="rOqiC_13l10" custom="readingOrder {index:9;}">
                <Coords points="685,610 743,628 766,609 838,624 1092,613 1132,638 1175,616 1175,589 1132,584 685,591"/>
                <Baseline points="690,610 715,610 740,610 765,610 791,610 816,610 841,609 866,609 892,609 917,609 942,609 967,609 993,609 1018,609 1043,610 1068,610 1094,610 1119,610 1144,610 1170,610"/>
                <TextEquiv>
                    <Unicode>quę et corpus sua societate uiuificet</Unicode>
                </TextEquiv>
            </TextLine>
            <TextLine id="rOqiC_13l11" custom="readingOrder {index:10;}">
                <Coords points="714,659 777,657 811,673 884,657 948,673 983,659 1033,674 1141,663 1141,637 1119,626 714,636"/>
                <Baseline points="719,654 745,653 771,653 797,653 823,653 849,654 875,654 901,654 927,654 953,654 979,655 1005,655 1031,655 1057,655 1083,655 1109,655 1136,655"/>
                <TextEquiv>
                    <Unicode>et semetipsam sua ratione dispo¬</Unicode>
                </TextEquiv>
            </TextLine>
            <TextLine id="rOqiC_13l12" custom="readingOrder {index:11;}">
                <Coords points="712,700 746,713 773,697 860,713 1129,708 1129,672 1033,674 1011,659 894,679 840,664 712,675"/>
                <Baseline points="717,695 742,695 767,695 793,695 818,695 844,696 869,696 895,696 920,697 945,697 971,697 996,697 1022,697 1047,698 1073,697 1098,697 1124,697"/>
                <TextEquiv>
                    <Unicode>nat habens in se libertatē arbi¬</Unicode>
                </TextEquiv>
            </TextLine>
            <TextLine id="rOqiC_13l13" custom="readingOrder {index:12;}">
                <Coords points="707,756 776,758 798,745 873,757 925,742 964,755 1002,743 1127,766 1128,721 1104,711 995,723 956,703 894,722 852,709 831,722 708,715"/>
                <Baseline points="712,735 737,736 763,736 788,737 814,737 840,737 865,738 891,738 917,738 942,739 968,739 993,739 1019,739 1045,740 1070,740 1096,740 1122,740"/>
                <TextEquiv>
                    <Unicode>trii ut in sua substantia eligat</Unicode>
                </TextEquiv>
            </TextLine>
            <TextLine id="rOqiC_13l14" custom="readingOrder {index:13;}">
                <Coords points="717,791 745,803 807,788 830,800 851,783 893,799 956,789 983,800 1032,783 1032,765 995,751 978,765 937,766 906,750 889,764 717,752"/>
                <Baseline points="722,779 747,779 772,779 798,780 823,780 849,780 874,780 899,780 925,780 950,780 976,780 1001,781 1027,782"/>
                <TextEquiv>
                    <Unicode>cogitationē quā uult</Unicode>
                </TextEquiv>
            </TextLine>
            <TextLine id="line_1666694783069_1144" custom="readingOrder {index:14;}">
                <Coords points="718,839 807,847 839,832 898,853 960,834 1009,847 1049,830 1147,832 1147,802 1129,793 1093,794 1072,811 956,789 817,805 718,798"/>
                <Baseline points="723,824 748,824 773,823 798,823 824,823 849,824 874,824 899,824 925,824 950,825 975,825 1000,825 1026,826 1051,826 1076,826 1101,827 1127,827 1142,827"/>
                <TextEquiv>
                    <Unicode>*3*Qđ solus homo habeat animam</Unicode>
                </TextEquiv>
            </TextLine>
            <TextLine id="rOqiC_13l16" custom="readingOrder {index:15;}">
                <Coords points="718,874 747,868 787,886 803,880 822,886 866,870 907,891 928,883 928,852 918,848 896,853 867,838 853,849 824,840 797,847 774,837 738,844 719,838"/>
                <Baseline points="723,864 748,864 773,865 798,865 823,865 848,866 873,866 898,866 923,865"/>
                <TextEquiv>
                    <Unicode>substantiuam</Unicode>
                </TextEquiv>
            </TextLine>
            <TextLine id="rOqiC_13l17" custom="readingOrder {index:16;}">
                <Coords points="709,937 768,914 840,928 860,912 932,927 995,927 1028,912 1101,921 1112,917 1112,885 1071,891 993,875 926,892 860,895 804,880 750,896 709,891"/>
                <Baseline points="714,909 740,908 766,908 792,908 818,907 845,907 871,907 897,907 923,907 949,907 976,908 1002,908 1028,908 1054,909 1080,909 1107,910"/>
                <TextEquiv>
                    <Unicode>~Solū hominē credimus habere</Unicode>
                </TextEquiv>
            </TextLine>
            <TextLine id="rOqiC_13l18" custom="readingOrder {index:17;}">
                <Coords points="723,955 839,964 968,950 989,967 1073,954 1149,970 1142,921 1057,938 987,923 905,933 880,919 724,926"/>
                <Baseline points="728,947 754,947 780,948 806,948 832,948 858,948 884,948 910,949 936,949 962,949 988,949 1014,949 1040,950 1066,950 1092,950 1118,950 1144,951"/>
                <TextEquiv>
                    <Unicode>animā substantiuā ex qua corpus</Unicode>
                </TextEquiv>
            </TextLine>
            <TextLine id="rOqiC_13l19" custom="readingOrder {index:18;}">
                <Coords points="719,997 893,995 908,1009 962,994 1018,1012 1107,999 1108,975 806,958 784,971 720,973"/>
                <Baseline points="724,989 749,989 774,990 799,990 824,990 850,990 875,990 900,991 925,991 950,991 976,991 1001,992 1026,992 1051,992 1076,992 1102,992"/>
                <TextEquiv>
                    <Unicode>uiuit et rationē suā et ingenia</Unicode>
                </TextEquiv>
            </TextLine>
            <TextLine id="rOqiC_13l20" custom="readingOrder {index:19;}">
                <Coords points="714,1042 885,1035 919,1047 998,1035 1049,1056 1074,1038 1125,1034 1125,996 996,1014 927,1001 857,1016 792,996 714,1016"/>
                <Baseline points="719,1030 744,1031 769,1031 794,1031 819,1031 844,1031 869,1031 894,1031 919,1031 944,1031 969,1032 994,1032 1019,1033 1044,1033 1069,1034 1094,1035 1120,1036"/>
                <TextEquiv>
                    <Unicode>uiuacit tenet Neq cū corpore</Unicode>
                </TextEquiv>
            </TextLine>
            <TextLine id="rOqiC_13l21" custom="readingOrder {index:20;}">
                <Coords points="681,1082 773,1075 818,1097 835,1084 933,1097 955,1082 1026,1098 1051,1078 1115,1093 1126,1058 905,1041 869,1056 835,1041 682,1057"/>
                <Baseline points="686,1073 711,1072 737,1072 762,1072 788,1072 813,1072 839,1072 864,1072 890,1072 915,1073 941,1073 966,1074 992,1074 1017,1074 1043,1074 1068,1074 1094,1073 1120,1073"/>
                <TextEquiv>
                    <Unicode>morit sicut arabs asserit neq</Unicode>
                </TextEquiv>
            </TextLine>
            <TextLine id="rOqiC_13l22" custom="readingOrder {index:21;}">
                <Coords points="716,1132 971,1119 984,1131 1032,1120 1083,1137 1110,1125 1145,1135 1145,1079 1096,1105 996,1101 970,1084 936,1100 899,1083 849,1101 766,1086 716,1099"/>
                <Baseline points="721,1119 747,1118 773,1116 799,1116 825,1116 851,1115 878,1116 904,1116 930,1116 956,1116 982,1117 1009,1117 1035,1117 1061,1118 1087,1118 1113,1118 1140,1118"/>
                <TextEquiv>
                    <Unicode>post modicū int̅ uallū sicut zenon</Unicode>
                </TextEquiv>
            </TextLine>
            <TextLine id="rOqiC_13l23" custom="readingOrder {index:22;}">
                <Coords points="718,1163 790,1175 827,1162 1056,1168 1056,1140 1025,1134 930,1128 893,1140 807,1120 774,1137 718,1137"/>
                <Baseline points="723,1157 748,1157 773,1157 798,1156 823,1156 849,1156 874,1156 899,1156 924,1157 950,1157 975,1158 1000,1158 1025,1159 1051,1160"/>
                <TextEquiv>
                    <Unicode>quia substantialit̅ uiuit</Unicode>
                </TextEquiv>
            </TextLine>
            <TextLine id="rOqiC_13l24" custom="readingOrder {index:23;}">
                <Coords points="714,1217 895,1200 967,1222 1066,1205 1093,1221 1105,1216 1106,1177 1009,1173 973,1186 931,1167 909,1181 837,1169 812,1182 715,1161"/>
                <Baseline points="719,1197 744,1196 769,1196 795,1196 820,1196 846,1196 871,1196 896,1196 922,1197 947,1197 973,1198 998,1199 1023,1199 1049,1200 1074,1201 1100,1201"/>
                <TextEquiv>
                    <Unicode>*4*Ut pecudū animę cū carnis</Unicode>
                </TextEquiv>
            </TextLine>
            <TextLine id="rOqiC_13l25" custom="readingOrder {index:24;}">
                <Coords points="714,1236 731,1243 759,1240 772,1250 797,1243 821,1256 842,1248 905,1253 923,1243 952,1242 952,1222 921,1215 852,1218 821,1207 794,1217 775,1203 747,1219 714,1217"/>
                <Baseline points="719,1236 744,1235 769,1235 795,1236 820,1236 845,1236 871,1237 896,1238 921,1238 947,1240"/>
                <TextEquiv>
                    <Unicode>morte finiantur</Unicode>
                </TextEquiv>
            </TextLine>
            <TextLine id="rOqiC_13l26" custom="readingOrder {index:25;}">
                <Coords points="717,1300 747,1280 880,1281 901,1297 978,1282 1038,1296 1090,1285 1137,1308 1149,1305 1150,1266 1054,1248 967,1259 921,1247 819,1257 795,1245 758,1259 718,1240"/>
                <Baseline points="723,1278 749,1277 775,1276 802,1276 828,1276 854,1276 881,1277 907,1277 934,1278 960,1279 986,1280 1013,1281 1039,1282 1065,1282 1092,1283 1118,1283 1145,1283"/>
                <TextEquiv>
                    <Unicode>~Pecudū animę n̅ sunt substantiuę</Unicode>
                </TextEquiv>
            </TextLine>
            <TextLine id="rOqiC_13l27" custom="readingOrder {index:26;}">
                <Coords points="716,1333 756,1321 806,1339 863,1324 908,1343 953,1323 1115,1334 1115,1300 1097,1298 954,1304 889,1290 845,1307 775,1285 716,1301"/>
                <Baseline points="721,1318 746,1318 772,1317 798,1317 824,1317 850,1317 876,1318 902,1318 928,1319 954,1320 980,1320 1006,1321 1032,1321 1058,1322 1084,1322 1110,1322"/>
                <TextEquiv>
                    <Unicode>sed cū ipsa carnis uiuacitate nas¬</Unicode>
                </TextEquiv>
            </TextLine>
            <TextLine id="rOqiC_13l28" custom="readingOrder {index:27;}">
                <Coords points="714,1366 825,1368 884,1384 923,1365 985,1367 1074,1382 1124,1375 1125,1343 1053,1345 985,1324 943,1346 863,1325 821,1342 733,1325 715,1334"/>
                <Baseline points="720,1357 745,1357 770,1357 795,1358 820,1358 845,1359 870,1359 895,1360 920,1361 945,1362 970,1363 995,1363 1020,1364 1045,1364 1070,1365 1095,1365 1120,1365"/>
                <TextEquiv>
                    <Unicode>cunt et cū carnis morte finiunt</Unicode>
                </TextEquiv>
            </TextLine>
            <TextLine id="rOqiC_13l29" custom="readingOrder {index:28;}">
                <Coords points="697,1425 818,1407 955,1414 970,1428 1007,1409 1048,1426 1080,1413 1131,1420 1132,1393 1037,1375 979,1389 875,1375 783,1389 698,1372"/>
                <Baseline points="702,1402 728,1402 755,1401 781,1401 808,1402 834,1402 861,1403 887,1403 914,1404 940,1405 967,1406 993,1407 1020,1408 1046,1409 1073,1410 1099,1410 1126,1411"/>
                <TextEquiv>
                    <Unicode>#Et ideo nec ratione regunt sicut</Unicode>
                </TextEquiv>
            </TextLine>
            <TextLine id="rOqiC_13l30" custom="readingOrder {index:29;}">
                <Coords points="712,1461 869,1448 971,1473 1023,1460 1076,1469 1121,1462 1122,1429 1066,1417 999,1436 918,1420 860,1432 816,1409 763,1429 713,1416"/>
                <Baseline points="718,1445 744,1445 771,1444 797,1445 824,1445 850,1445 877,1446 903,1447 930,1448 956,1449 983,1450 1009,1451 1036,1452 1062,1452 1089,1453 1116,1453"/>
                <TextEquiv>
                    <Unicode>plato et alexander putant sed</Unicode>
                </TextEquiv>
            </TextLine>
            <TextEquiv>
                <Unicode>mine ut quidā dicunt sed una&#13;
~Non duas animas ee̅ dici¬ &lt;seg&gt;tantū&lt;/seg&gt;&#13;
mus in uno homine sicuti quidā&#13;
iacobus et alii sirorū disputatores&#13;
scribunt ut una anima sit de&#13;
quā animet corpus et inmixta&#13;
sit sanguini et altera spiritalis&#13;
quę rationē ministret s dicimus&#13;
unā ee̅ eandemq animā in homine&#13;
quę et corpus sua societate uiuificet&#13;
et semetipsam sua ratione dispo¬&#13;
nat habens in se libertatē arbi¬&#13;
trii ut in sua substantia eligat&#13;
cogitationē quā uult&#13;
*3*Qđ solus homo habeat animam&#13;
substantiuam&#13;
~Solū hominē credimus habere&#13;
animā substantiuā ex qua corpus&#13;
uiuit et rationē suā et ingenia&#13;
uiuacit tenet Neq cū corpore&#13;
morit sicut arabs asserit neq&#13;
post modicū int̅ uallū sicut zenon&#13;
quia substantialit̅ uiuit&#13;
*4*Ut pecudū animę cū carnis&#13;
morte finiantur&#13;
~Pecudū animę n̅ sunt substantiuę&#13;
sed cū ipsa carnis uiuacitate nas¬&#13;
cunt et cū carnis morte finiunt&#13;
#Et ideo nec ratione regunt sicut&#13;
plato et alexander putant sed</Unicode>
            </TextEquiv>
        </TextRegion>
        <TextRegion orientation="0.0" id="r3M8z_4" custom="readingOrder {index:6;} structure {type:Inskription;}">
            <Coords points="1180,236 1367,248 1338,328 1175,329"/>
            <TextLine id="r3M8z_4l1" custom="readingOrder {index:0;}">
                <Coords points="1179,272 1204,273 1232,291 1248,287 1254,293 1267,293 1274,288 1297,292 1299,254 1275,254 1258,246 1251,250 1222,231 1179,256"/>
                <Baseline points="1184,267 1211,269 1238,270 1265,270 1293,272"/>
                <TextEquiv>
                    <Unicode>*2*Itē Augustin᷒</Unicode>
                </TextEquiv>
            </TextLine>
            <TextEquiv>
                <Unicode>*2*Itē Augustin᷒</Unicode>
            </TextEquiv>
        </TextRegion>
        <TextRegion orientation="0.0" id="r3OOu_7" custom="readingOrder {index:7;} structure {type:chapter_count;}">
            <Coords points="1169,717 1368,717 1368,849 1169,849"/>
            <TextLine id="r3OOu_7l1" custom="readingOrder {index:0;}">
                <Coords points="1186,842 1198,841 1202,836 1209,837 1215,833 1223,834 1238,828 1236,789 1224,792 1214,801 1211,798 1205,798 1198,803 1194,803 1191,807 1185,807"/>
                <Baseline points="1191,827 1233,825"/>
                <TextEquiv>
                    <Unicode>*3*iii</Unicode>
                </TextEquiv>
            </TextLine>
            <TextEquiv>
                <Unicode>*3*iii</Unicode>
            </TextEquiv>
        </TextRegion>
        <TextRegion orientation="0.0" id="rRIgl_2" custom="readingOrder {index:8;} structure {type:Inskription;}">
            <Coords points="1167,867 1352,867 1352,1028 1167,1028"/>
            <TextLine id="rRIgl_2l1" custom="readingOrder {index:0;}">
                <Coords points="1168,925 1186,924 1192,919 1196,922 1205,921 1227,936 1237,936 1252,929 1253,879 1241,881 1216,875 1210,880 1183,869 1175,861 1169,861"/>
                <Baseline points="1173,912 1210,912 1247,914"/>
                <TextEquiv>
                    <Unicode>*3*Itē aug̅</Unicode>
                </TextEquiv>
            </TextLine>
            <TextEquiv>
                <Unicode>*3*Itē aug̅</Unicode>
            </TextEquiv>
        </TextRegion>
        <TextRegion orientation="0.0" id="r47pm_6" custom="readingOrder {index:9;} structure {type:chapter_count;}">
            <Coords points="1167,1070 1342,1070 1342,1241 1167,1241"/>
            <TextLine id="r47pm_6l1" custom="readingOrder {index:0;}">
                <Coords points="1171,1211 1178,1209 1183,1212 1187,1209 1203,1210 1206,1207 1214,1211 1229,1199 1235,1200 1235,1178 1221,1178 1218,1181 1212,1179 1210,1181 1201,1178 1188,1169 1182,1174 1171,1174"/>
                <Baseline points="1176,1200 1203,1200 1230,1200"/>
                <TextEquiv>
                    <Unicode>*4*iiii</Unicode>
                </TextEquiv>
            </TextLine>
            <TextEquiv>
                <Unicode>*4*iiii</Unicode>
            </TextEquiv>
        </TextRegion>
        <TextRegion orientation="0.0" id="rCl9d_1" custom="readingOrder {index:10;} structure {type:Inskription;}">
            <Coords points="1165,1250 1323,1250 1323,1384 1165,1384"/>
            <TextLine id="rCl9d_1l1" custom="readingOrder {index:0;}">
                <Coords points="1163,1301 1171,1303 1177,1299 1182,1304 1189,1297 1207,1298 1232,1317 1255,1318 1257,1261 1223,1267 1213,1259 1165,1257"/>
                <Baseline points="1169,1292 1196,1291 1223,1293 1251,1294"/>
                <TextEquiv>
                    <Unicode>*4*Itē aug̅</Unicode>
                </TextEquiv>
            </TextLine>
            <TextEquiv>
                <Unicode>*4*Itē aug̅</Unicode>
            </TextEquiv>
        </TextRegion>
    </Page>
</PcGts>
