<?xml version="1.0" encoding="UTF-8" standalone="yes"?>
<PcGts xmlns="http://schema.primaresearch.org/PAGE/gts/pagecontent/2013-07-15" xmlns:xsi="http://www.w3.org/2001/XMLSchema-instance" xsi:schemaLocation="http://schema.primaresearch.org/PAGE/gts/pagecontent/2013-07-15 http://schema.primaresearch.org/PAGE/gts/pagecontent/2013-07-15/pagecontent.xsd">
    <Metadata>
        <Creator>prov=University of Rostock/Institute of Mathematics/CITlab|PLANET AI GmbH/Gundram Leifert/gundram.leifert@planet-ai.de:name=bdd-wormser-scriptorium-0.1(htr_id=45584)::::v=2.6.7
prov=University of Rostock/Institute of Mathematics/CITlab|PLANET AI GmbH/Tobias Gruening/tobias.gruening@planet-ai.de:name=de.uros.citlab.module.baseline2polygon.B2PSeamMultiOriented:v=2.6.7
prov=University of Rostock/Institute of Mathematics/CITlab|PLANET AI GmbH/Tobias Gruening/tobias.gruening@planet-ai.de:name=/net_tf/LA73_249_0mod360.pb:de.uros.citlab.segmentation.CITlab_LA_ML:v=2.6.7
prov=University of Rostock/Institute of Mathematics/CITlab|PLANET AI GmbH/Tobias Gruening/tobias.gruening@planet-ai.de:name=/net_tf/LA73_249_0mod360.pb:de.uros.citlab.segmentation.CITlab_LA_ML:v=2.6.7
prov=University of Rostock/Institute of Mathematics/CITlab|PLANET AI GmbH/Tobias Gruening/tobias.gruening@planet-ai.de:name=/net_tf/LA73_249_0mod360.pb:de.uros.citlab.segmentation.CITlab_LA_ML:v=2.6.7
P2PaLA-PRHLT</Creator>
        <Created>2022-10-21T09:50:20</Created>
        <LastChange>2022-11-23T13:58:25.781+01:00</LastChange>
        <TranskribusMetadata docId="732612" pageId="27998185" pageNr="571" tsid="104792673" status="FINAL" userId="126934" imgUrl="https://files.transkribus.eu/Get?id=OPFUAGNATKQMWEGBNIDREMQE&amp;fileType=view" xmlUrl="https://files.transkribus.eu/Get?id=JAAKERKDXCIBHSRMGQRIPURD" imageId="21791151"/>
    </Metadata>
    <Page imageFilename="00571.jpg" imageWidth="1500" imageHeight="1848">
        <ReadingOrder>
            <OrderedGroup id="ro_1676883799136" caption="Regions reading order">
                <RegionRefIndexed index="0" regionRef="TextRegion_1666694031082_517"/>
                <RegionRefIndexed index="1" regionRef="rejSM_13"/>
                <RegionRefIndexed index="2" regionRef="r59Of_15"/>
                <RegionRefIndexed index="3" regionRef="rwau9_16"/>
                <RegionRefIndexed index="4" regionRef="ruWlU_14"/>
            </OrderedGroup>
        </ReadingOrder>
        <TextRegion orientation="0.0" id="TextRegion_1666694031082_517" custom="readingOrder {index:0;} structure {type:header;}">
            <Coords points="572,0 849,0 849,132 572,132"/>
            <TextLine id="TextRegion_1666694031082_517l1" custom="readingOrder {index:0;}">
                <Coords points="655,133 701,117 712,127 732,128 742,137 765,135 765,88 727,92 715,80 708,82 701,77 684,78 667,90 655,89"/>
                <Baseline points="660,104 685,104 710,104 735,103 760,104"/>
                <TextEquiv>
                    <Unicode>xx libri</Unicode>
                </TextEquiv>
            </TextLine>
            <TextEquiv>
                <Unicode>xx libri</Unicode>
            </TextEquiv>
        </TextRegion>
        <TextRegion orientation="0.0" id="rejSM_13" custom="readingOrder {index:1;} structure {type:chapter_count;}">
            <Coords points="82,184 238,184 238,1472 82,1472"/>
            <TextLine id="rejSM_13l1" custom="readingOrder {index:0;}">
                <Coords points="118,253 133,253 139,259 144,254 161,261 172,259 180,267 194,259 202,266 237,234 242,234 242,222 231,224 208,204 189,207 164,220 138,196 119,191"/>
                <Baseline points="123,249 151,248 180,249 208,250 237,249"/>
                <TextEquiv>
                    <Unicode>~67~lxvii</Unicode>
                </TextEquiv>
            </TextLine>
            <TextLine id="line_1666694246952_721" custom="readingOrder {index:1;}">
                <Coords points="117,341 146,347 160,343 166,349 175,344 181,349 192,344 203,351 219,342 232,341 233,307 212,304 191,317 170,305 143,313 129,299 118,303"/>
                <Baseline points="123,330 141,333 170,333 199,332 228,336"/>
                <TextEquiv>
                    <Unicode>~68~lxviii</Unicode>
                </TextEquiv>
            </TextLine>
            <TextLine id="rejSM_13l5" custom="readingOrder {index:2;}">
                <Coords points="127,440 158,444 169,438 179,447 192,451 211,442 224,442 231,448 243,445 243,420 238,420 225,407 215,409 202,404 195,409 188,402 164,405 142,390 127,390"/>
                <Baseline points="132,426 158,425 185,424 211,424 238,426"/>
                <TextEquiv>
                    <Unicode>~69~lxviiii</Unicode>
                </TextEquiv>
            </TextLine>
            <TextLine id="rejSM_13l7" custom="readingOrder {index:3;}">
                <Coords points="122,509 137,518 148,513 162,521 174,513 191,518 207,517 216,510 242,515 243,484 226,488 206,478 181,475 174,482 167,482 159,473 144,478 123,474"/>
                <Baseline points="127,508 154,507 182,508 209,510 237,512"/>
                <TextEquiv>
                    <Unicode>~70~lxx</Unicode>
                </TextEquiv>
            </TextLine>
            <TextLine id="rejSM_13l8" custom="readingOrder {index:4;}">
                <Coords points="135,551 147,550 155,554 170,571 188,566 199,571 212,565 223,574 237,575 241,526 223,525 216,518 195,518 188,525 174,527 148,513 137,515"/>
                <Baseline points="140,545 171,546 202,547 234,553"/>
                <TextEquiv>
                    <Unicode>~71~lxxi</Unicode>
                </TextEquiv>
            </TextLine>
            <TextLine id="line_1666694251378_731" custom="readingOrder {index:5;}">
                <Coords points="123,686 131,685 157,701 175,689 189,698 200,697 206,691 216,692 216,670 206,670 203,667 199,670 178,668 169,661 156,667 143,656 124,658"/>
                <Baseline points="128,684 152,684 181,684 211,686"/>
                <TextEquiv>
                    <Unicode>~72~lxxii</Unicode>
                </TextEquiv>
            </TextLine>
            <TextLine id="rejSM_13l13" custom="readingOrder {index:6;}">
                <Coords points="123,784 160,784 164,788 172,784 176,789 191,786 206,791 222,790 225,708 214,703 194,705 190,699 176,708 165,707 137,689 127,689"/>
                <Baseline points="130,755 159,757 188,757 218,759"/>
                <TextEquiv>
                    <Unicode>~73~lxxiii</Unicode>
                </TextEquiv>
            </TextLine>
            <TextLine id="line_1666694257026_741" custom="readingOrder {index:7;}">
                <Coords points="114,864 148,867 162,863 172,868 193,868 202,858 217,863 239,856 239,837 205,836 195,829 179,837 153,823 143,826 122,806 113,808"/>
                <Baseline points="119,857 132,856 157,854 183,853 208,853 234,856"/>
                <TextEquiv>
                    <Unicode>~74~lxxiiii</Unicode>
                </TextEquiv>
            </TextLine>
            <TextLine id="line_1666694263043_751" custom="readingOrder {index:8;}">
                <Coords points="118,922 132,917 137,919 148,907 153,909 158,904 172,909 186,908 190,903 195,908 206,907 203,864 181,868 167,878 135,862 127,870 115,874"/>
                <Baseline points="122,903 143,901 172,899 201,897"/>
                <TextEquiv>
                    <Unicode>~75~lxxv</Unicode>
                </TextEquiv>
            </TextLine>
            <TextLine id="rejSM_13l19" custom="readingOrder {index:9;}">
                <Coords points="126,1029 139,1038 145,1034 162,1042 181,1042 194,1036 202,1045 241,1035 243,988 218,991 203,1002 192,999 183,1006 172,994 150,990 145,995 136,986 128,985"/>
                <Baseline points="132,1023 158,1024 184,1023 210,1024 237,1030"/>
                <TextEquiv>
                    <Unicode>~76~lxxvi</Unicode>
                </TextEquiv>
            </TextLine>
            <TextLine id="line_1666694239727_711" custom="readingOrder {index:10;}">
                <Coords points="118,1144 126,1144 136,1154 164,1161 176,1174 208,1156 231,1162 239,1107 229,1107 220,1114 207,1106 201,1110 190,1106 166,1112 141,1100 132,1088 126,1088"/>
                <Baseline points="124,1134 140,1137 169,1143 198,1148 228,1147"/>
                <TextEquiv>
                    <Unicode>~77~lxxvii</Unicode>
                </TextEquiv>
            </TextLine>
            <TextLine id="rejSM_13l24" custom="readingOrder {index:11;}">
                <Coords points="127,1246 138,1246 157,1258 164,1254 190,1256 204,1248 220,1259 241,1256 244,1196 222,1189 200,1202 179,1202 173,1196 157,1204 152,1199 130,1200"/>
                <Baseline points="133,1240 159,1240 185,1241 211,1243 237,1244"/>
                <TextEquiv>
                    <Unicode>~78~...lxxviii</Unicode>
                </TextEquiv>
            </TextLine>
            <TextLine id="rejSM_13l26" custom="readingOrder {index:12;}">
                <Coords points="130,1280 136,1280 146,1290 163,1289 190,1294 199,1289 206,1291 213,1286 224,1285 233,1279 239,1280 240,1261 211,1262 199,1253 160,1258 148,1254 143,1259 131,1255"/>
                <Baseline points="135,1272 168,1274 201,1275 234,1279"/>
                <TextEquiv>
                    <Unicode>~79~...lxxviiii</Unicode>
                </TextEquiv>
            </TextLine>
            <TextLine id="rejSM_13l29" custom="readingOrder {index:13;}">
                <Coords points="130,1381 142,1377 147,1382 161,1387 172,1377 178,1380 184,1377 200,1378 199,1334 179,1331 167,1339 162,1339 156,1333 150,1338 129,1337"/>
                <Baseline points="135,1361 165,1361 195,1359"/>
                <TextEquiv>
                    <Unicode>~80~...lxxx</Unicode>
                </TextEquiv>
            </TextLine>
            <TextLine id="line_1666694233709_701" custom="readingOrder {index:14;}">
                <Coords points="122,1408 137,1413 145,1423 153,1425 178,1415 206,1419 215,1415 217,1392 204,1391 190,1379 182,1383 180,1379 173,1378 161,1387 155,1387 143,1378 131,1384 124,1381"/>
                <Baseline points="128,1405 148,1408 179,1412 210,1411"/>
                <TextEquiv>
                    <Unicode>~81~...lxxxi</Unicode>
                </TextEquiv>
            </TextLine>
            <TextEquiv>
                <Unicode>~67~lxvii&#13;
~68~lxviii&#13;
~69~lxviiii&#13;
~70~lxx&#13;
~71~lxxi&#13;
~72~lxxii&#13;
~73~lxxiii&#13;
~74~lxxiiii&#13;
~75~lxxv&#13;
~76~lxxvi&#13;
~77~lxxvii&#13;
~78~...lxxviii&#13;
~79~...lxxviiii&#13;
~80~...lxxx&#13;
~81~...lxxxi</Unicode>
            </TextEquiv>
        </TextRegion>
        <TextRegion orientation="0.0" id="r59Of_15" custom="readingOrder {index:2;} structure {type:column_1;}">
            <Coords points="234,162 697,162 697,1479 234,1479"/>
            <TextLine id="r59Of_15l1" custom="readingOrder {index:0;}">
                <Coords points="260,223 351,207 397,223 463,211 559,212 559,168 525,145 463,169 350,177 336,188 312,176 291,190 260,189"/>
                <Baseline points="265,203 291,203 317,202 343,201 370,201 396,201 422,201 448,201 475,201 501,202 527,203 554,205"/>
                <TextEquiv>
                    <Unicode>et corporū gꝉa lętabunt</Unicode>
                </TextEquiv>
            </TextLine>
            <TextLine id="r59Of_15l3" custom="readingOrder {index:1;}">
                <Coords points="232,258 394,250 453,269 489,254 523,271 560,251 639,271 672,261 672,231 614,213 539,232 279,216 232,234"/>
                <Baseline points="237,250 262,248 287,246 312,245 338,245 363,244 388,244 414,244 439,245 464,246 489,246 515,247 540,248 565,249 591,251 616,252 641,253 667,254"/>
                <TextEquiv>
                    <Unicode>~67~De hoc si boni bonos in regno ꝉ si mali</Unicode>
                </TextEquiv>
            </TextLine>
            <TextLine id="r59Of_15l4" custom="readingOrder {index:2;}">
                <Coords points="259,304 320,310 397,297 454,307 475,298 533,312 577,297 605,307 626,296 626,268 604,278 565,265 468,273 431,258 259,270"/>
                <Baseline points="264,291 289,290 315,289 340,288 366,288 391,287 417,288 442,288 468,288 493,289 519,290 544,290 570,291 595,293 621,294"/>
                <TextEquiv>
                    <Unicode>malos in supplicio agnoscant</Unicode>
                </TextEquiv>
            </TextLine>
            <TextLine id="r59Of_15l5" custom="readingOrder {index:3;}">
                <Coords points="234,360 259,346 347,353 396,339 463,356 568,340 660,353 693,334 693,304 592,318 496,316 470,301 302,319 234,306"/>
                <Baseline points="239,338 265,336 291,334 318,334 344,333 371,333 397,333 423,333 450,333 476,334 503,334 529,335 555,335 582,336 608,336 635,336 661,336 688,336"/>
                <TextEquiv>
                    <Unicode>~68~De hoc si ignis purgatorius credendus</Unicode>
                </TextEquiv>
            </TextLine>
            <TextLine id="r59Of_15l6" custom="readingOrder {index:4;}">
                <Coords points="254,394 398,389 422,401 484,385 665,403 700,378 700,362 658,365 633,349 587,367 512,350 443,360 384,342 359,357 254,359"/>
                <Baseline points="259,379 284,378 310,377 335,377 361,377 387,377 412,377 438,378 464,378 489,379 515,379 541,380 566,380 592,381 618,380 643,380 669,380 695,378"/>
                <TextEquiv>
                    <Unicode>sit qͥ p᷒ mortē animas a peccatis expurget</Unicode>
                </TextEquiv>
            </TextLine>
            <TextLine id="r59Of_15l7" custom="readingOrder {index:5;}">
                <Coords points="232,424 254,441 517,427 665,438 665,402 646,396 607,410 505,386 466,408 317,390 232,399"/>
                <Baseline points="237,425 263,423 289,422 316,421 342,420 369,420 395,420 422,420 448,420 474,421 501,421 527,422 554,422 580,423 607,423 633,423 660,422"/>
                <TextEquiv>
                    <Unicode>~69~Qđ un᷒ sit gehennę ignis s n̅ uno modo</Unicode>
                </TextEquiv>
            </TextLine>
            <TextLine id="r59Of_15l8" custom="readingOrder {index:6;}">
                <Coords points="262,470 325,483 375,469 438,484 480,473 605,475 640,467 640,438 543,451 477,431 331,445 301,433 262,452"/>
                <Baseline points="267,466 293,466 319,465 345,465 372,465 398,465 424,465 451,466 477,466 503,466 529,466 556,467 582,467 608,467 635,468"/>
                <TextEquiv>
                    <Unicode>om̅s cruciet &lt;seg&gt;tis facienda&lt;/seg&gt;</Unicode>
                </TextEquiv>
            </TextLine>
            <TextLine id="r59Of_15l9" custom="readingOrder {index:7;}">
                <Coords points="232,507 252,524 318,528 409,514 473,530 559,516 669,528 701,515 700,495 626,484 531,494 504,479 399,473 369,493 315,476 232,484"/>
                <Baseline points="237,512 262,510 288,509 313,508 339,508 364,508 390,508 415,508 441,508 466,509 492,509 517,510 543,511 568,511 594,512 619,513 645,513 670,513 696,513"/>
                <TextEquiv>
                    <Unicode>~70~Quot genera sint oblationis ꝓ defunc¬</Unicode>
                </TextEquiv>
            </TextLine>
            <TextLine id="r59Of_15l10" custom="readingOrder {index:8;}">
                <Coords points="230,546 258,545 303,573 385,562 455,578 517,561 624,577 647,571 648,523 618,540 230,526"/>
                <Baseline points="234,553 259,552 285,552 310,552 336,552 361,552 387,552 412,553 438,553 463,553 489,553 514,554 540,554 565,554 591,554 616,554 642,554"/>
                <TextEquiv>
                    <Unicode>~71~Cur sc̅orū animę ꝓ peccatoribus</Unicode>
                </TextEquiv>
            </TextLine>
            <TextLine id="r59Of_15l11" custom="readingOrder {index:9;}">
                <Coords points="259,609 335,615 359,601 415,610 426,600 474,624 495,606 670,614 687,608 687,572 259,581"/>
                <Baseline points="264,595 290,594 316,594 342,594 368,594 394,594 420,595 446,595 473,596 499,597 525,597 551,597 577,598 603,598 629,598 655,598 682,597"/>
                <TextEquiv>
                    <Unicode>non orent quando eos in igne ęt̅no</Unicode>
                </TextEquiv>
            </TextLine>
            <TextLine id="r59Of_15l12" custom="readingOrder {index:10;}">
                <Coords points="263,643 314,658 345,648 399,657 407,649 433,648 478,662 512,647 512,625 471,624 459,616 421,622 400,610 360,624 319,622 309,612 263,622"/>
                <Baseline points="268,637 294,637 321,638 347,639 374,639 400,640 427,641 453,641 480,641 507,642"/>
                <TextEquiv>
                    <Unicode>ardere ꝓspexerint</Unicode>
                </TextEquiv>
            </TextLine>
            <TextLine id="r59Of_15l13" custom="readingOrder {index:11;}">
                <Coords points="265,697 487,684 653,705 660,659 265,654"/>
                <Baseline points="270,679 295,679 321,679 347,679 372,679 398,679 424,680 449,680 475,681 501,681 526,681 552,682 578,682 603,682 629,682 655,682"/>
                <TextEquiv>
                    <Unicode>~72~Qđ duob modis uita dicat duobus</Unicode>
                </TextEquiv>
            </TextLine>
            <TextLine id="r59Of_15l14" custom="readingOrder {index:12;}">
                <Coords points="264,729 294,737 317,725 391,740 417,726 467,744 522,729 522,697 497,697 483,708 460,691 416,701 264,697"/>
                <Baseline points="269,721 296,721 324,720 351,720 379,721 406,721 434,721 461,722 489,721 517,720"/>
                <TextEquiv>
                    <Unicode>etiā mors intellegat</Unicode>
                </TextEquiv>
            </TextLine>
            <TextLine id="r59Of_15l15" custom="readingOrder {index:13;}">
                <Coords points="262,767 318,786 586,783 602,770 689,778 689,752 651,741 428,736 405,751 371,739 349,751 288,734 262,741"/>
                <Baseline points="267,766 293,766 319,765 345,765 371,765 397,765 423,765 449,765 475,766 501,766 527,766 553,767 579,767 605,767 631,767 657,767 684,767"/>
                <TextEquiv>
                    <Unicode>~73~Qđ electi seu reꝓbi ad loca cōmunia</Unicode>
                </TextEquiv>
            </TextLine>
            <TextLine id="r59Of_15l16" custom="readingOrder {index:14;}">
                <Coords points="262,826 319,835 423,814 439,826 541,817 614,833 674,818 675,791 595,775 499,798 404,795 377,782 344,798 292,780 263,788"/>
                <Baseline points="267,812 292,811 317,810 342,810 367,809 392,809 417,809 442,810 468,810 493,810 518,810 543,811 568,812 593,812 618,813 643,813 669,814"/>
                <TextEquiv>
                    <Unicode>deducant in tormentis &lt;seg&gt;nes sint&lt;/seg&gt;</Unicode>
                </TextEquiv>
            </TextLine>
            <TextLine id="r59Of_15l17" custom="readingOrder {index:15;}">
                <Coords points="228,863 265,874 358,865 398,880 474,864 669,872 675,827 656,836 637,823 606,843 566,825 527,838 368,827 338,841 285,828 228,849"/>
                <Baseline points="233,857 258,856 284,855 310,854 335,854 361,854 387,853 412,853 438,854 464,854 490,854 515,855 541,855 567,855 592,856 618,856 644,856 670,856"/>
                <TextEquiv>
                    <Unicode>~74~De hoc qđ in domo di̅ multę mansio</Unicode>
                </TextEquiv>
            </TextLine>
            <TextLine id="r59Of_15l18" custom="readingOrder {index:16;}">
                <Coords points="251,919 308,907 476,919 553,901 584,914 659,912 659,875 583,870 539,887 506,869 426,883 309,864 251,876"/>
                <Baseline points="256,899 282,899 309,898 335,898 362,897 388,897 415,897 441,897 468,897 494,897 521,898 547,898 574,899 600,899 627,900 654,900"/>
                <TextEquiv>
                    <Unicode>~75~Qđ illū quē semel culpa ad pęnā</Unicode>
                </TextEquiv>
            </TextLine>
            <TextLine id="r59Of_15l19" custom="readingOrder {index:17;}">
                <Coords points="260,954 694,961 694,915 598,927 562,908 536,922 520,912 398,922 308,907 260,925"/>
                <Baseline points="265,942 291,941 318,940 344,939 371,939 397,939 424,939 450,939 477,939 503,940 530,940 556,941 583,941 609,941 636,941 662,941 689,941"/>
                <TextEquiv>
                    <Unicode>ꝑtrahit misericordia &lt;del&gt;ul&lt;/del&gt;terius ad</Unicode>
                </TextEquiv>
            </TextLine>
            <TextLine id="r59Of_15l20" custom="readingOrder {index:18;}">
                <Coords points="262,999 316,991 327,998 513,996 513,965 479,955 463,961 420,953 408,965 386,968 317,955 299,963 262,960"/>
                <Baseline points="267,982 293,982 320,982 347,982 374,981 400,981 427,981 454,982 481,982 508,983"/>
                <TextEquiv>
                    <Unicode>ueniā non reducat</Unicode>
                </TextEquiv>
            </TextLine>
            <TextLine id="r59Of_15l21" custom="readingOrder {index:19;}">
                <Coords points="233,1050 301,1036 697,1037 697,999 663,994 591,1006 233,996"/>
                <Baseline points="238,1027 263,1027 288,1026 313,1026 338,1025 364,1025 389,1025 414,1025 439,1025 465,1025 490,1025 515,1025 540,1026 565,1026 591,1026 616,1026 641,1026 666,1025 692,1025"/>
                <TextEquiv>
                    <Unicode>~76~Qđ ds̅ dicat zelans dicat iratus dicat</Unicode>
                </TextEquiv>
            </TextLine>
            <TextLine id="r59Of_15l22" custom="readingOrder {index:20;}">
                <Coords points="264,1083 538,1074 684,1094 684,1047 633,1036 551,1054 432,1049 412,1036 379,1050 264,1049"/>
                <Baseline points="269,1069 294,1069 320,1068 345,1067 371,1067 397,1067 422,1067 448,1067 474,1068 499,1068 525,1068 550,1069 576,1069 602,1069 627,1069 653,1069 679,1069"/>
                <TextEquiv>
                    <Unicode>pęnitens dicatur misericors dicat</Unicode>
                </TextEquiv>
            </TextLine>
            <TextLine id="line_1666694091598_540" custom="readingOrder {index:21;}">
                <Coords points="259,1138 315,1119 431,1130 473,1118 512,1134 628,1124 628,1092 587,1085 546,1093 503,1076 464,1077 450,1090 420,1078 327,1089 259,1082"/>
                <Baseline points="264,1112 290,1112 317,1112 344,1112 444,1112 469,1111 495,1112 520,1112 546,1112 571,1112 597,1112 623,1111"/>
                <TextEquiv>
                    <Unicode>p̄scius &lt;del&gt;sc̅itatis sint&lt;/seg&gt;</Unicode>
                </TextEquiv>
            </TextLine>
            <TextLine id="r59Of_15l25" custom="readingOrder {index:22;}">
                <Coords points="234,1167 697,1166 697,1133 671,1126 234,1130"/>
                <Baseline points="239,1153 264,1153 289,1153 314,1153 339,1153 364,1153 390,1154 415,1154 440,1154 465,1154 490,1154 515,1154 541,1154 566,1154 591,1154 616,1154 641,1154 666,1154 692,1153"/>
                <TextEquiv>
                    <Unicode>~77~Cur ds̅ suos electos sic &lt;del&gt;ꝑ&lt;/del&gt;mittat mori</Unicode>
                </TextEquiv>
            </TextLine>
            <TextLine id="r59Of_15l26" custom="readingOrder {index:23;}">
                <Coords points="267,1208 455,1204 485,1218 509,1206 689,1203 689,1175 665,1165 619,1164 584,1184 455,1163 413,1180 378,1165 267,1175"/>
                <Baseline points="272,1198 297,1198 323,1197 349,1197 375,1197 400,1197 426,1197 452,1198 478,1198 503,1198 529,1198 555,1198 581,1198 606,1197 632,1197 658,1197 684,1196"/>
                <TextEquiv>
                    <Unicode>ut n̅ in uita illorū ostendat cuius</Unicode>
                </TextEquiv>
            </TextLine>
            <TextLine id="r59Of_15l27" custom="readingOrder {index:24;}">
                <Coords points="233,1255 669,1248 669,1216 632,1202 566,1222 467,1212 303,1223 233,1201"/>
                <Baseline points="238,1242 263,1241 288,1241 313,1241 338,1241 363,1241 388,1241 413,1241 438,1241 463,1241 488,1241 513,1241 538,1241 563,1241 588,1240 613,1240 638,1240 664,1239"/>
                <TextEquiv>
                    <Unicode>~78~Qđ miseris mors fiat sine morte</Unicode>
                </TextEquiv>
            </TextLine>
            <TextLine id="r59Of_15l28" custom="readingOrder {index:25;}">
                <Coords points="228,1295 373,1288 430,1304 510,1288 538,1303 588,1287 688,1300 697,1266 589,1244 570,1262 510,1247 424,1263 298,1251 228,1273"/>
                <Baseline points="233,1280 258,1281 284,1281 309,1281 335,1281 360,1282 386,1282 411,1282 437,1282 462,1282 488,1282 513,1281 539,1281 564,1281 590,1281 615,1281 641,1281 666,1281 692,1280"/>
                <TextEquiv>
                    <Unicode>~79~Qđ in inferno peccatorib ad c̅solatio¬</Unicode>
                </TextEquiv>
            </TextLine>
            <TextLine id="r59Of_15l29" custom="readingOrder {index:26;}">
                <Coords points="264,1334 299,1329 324,1344 344,1331 547,1339 563,1328 591,1346 665,1335 665,1297 537,1307 494,1294 462,1308 447,1295 425,1304 410,1293 294,1288 264,1299"/>
                <Baseline points="269,1324 295,1324 321,1324 347,1324 373,1325 399,1325 425,1325 451,1325 477,1325 503,1325 529,1325 555,1324 581,1324 607,1324 633,1324 660,1324"/>
                <TextEquiv>
                    <Unicode>nē ignis n̅ luceat s ut magistor</Unicode>
                </TextEquiv>
            </TextLine>
            <TextLine id="line_1666694097428_546" custom="readingOrder {index:27;}">
                <Coords points="235,1375 387,1386 406,1372 479,1386 516,1367 556,1385 690,1371 690,1346 630,1329 459,1361 367,1335 311,1351 289,1332 235,1340"/>
                <Baseline points="240,1367 266,1367 292,1366 319,1366 345,1365 372,1366 398,1366 425,1368 579,1366 605,1364 632,1363 658,1363 685,1365"/>
                <TextEquiv>
                    <Unicode>~80~De eadem re &lt;seg&gt;queat&lt;/seg&gt;</Unicode>
                </TextEquiv>
            </TextLine>
            <TextLine id="r59Of_15l32" custom="readingOrder {index:28;}">
                <Coords points="248,1425 676,1422 682,1376 510,1395 446,1377 418,1393 248,1377"/>
                <Baseline points="253,1413 279,1413 306,1412 332,1411 359,1411 385,1411 412,1411 438,1411 465,1411 491,1411 518,1411 544,1411 571,1411 597,1410 624,1410 650,1410 677,1409"/>
                <TextEquiv>
                    <Unicode>~81~Qđ humana anima ita inmortalis</Unicode>
                </TextEquiv>
            </TextLine>
            <TextLine id="r59Of_15l33" custom="readingOrder {index:29;}">
                <Coords points="265,1463 336,1472 358,1462 370,1473 412,1460 487,1485 513,1463 682,1476 682,1423 578,1420 552,1439 469,1421 432,1439 265,1424"/>
                <Baseline points="270,1457 295,1456 320,1456 346,1456 371,1456 397,1456 422,1456 448,1456 473,1456 498,1455 524,1455 549,1455 575,1455 600,1454 626,1453 651,1453 677,1451"/>
                <TextEquiv>
                    <Unicode>sit ut et mori possit et n̅ possit</Unicode>
                </TextEquiv>
            </TextLine>
            <TextEquiv>
                <Unicode>et corporū gꝉa lętabunt&#13;
~67~De hoc si boni bonos in regno ꝉ si mali&#13;
malos in supplicio agnoscant&#13;
~68~De hoc si ignis purgatorius credendus&#13;
sit qͥ p᷒ mortē animas a peccatis expurget&#13;
~69~Qđ un᷒ sit gehennę ignis s n̅ uno modo&#13;
om̅s cruciet &lt;seg&gt;tis facienda&lt;/seg&gt;&#13;
~70~Quot genera sint oblationis ꝓ defunc¬&#13;
~71~Cur sc̅orū animę ꝓ peccatoribus&#13;
non orent quando eos in igne ęt̅no&#13;
ardere ꝓspexerint&#13;
~72~Qđ duob modis uita dicat duobus&#13;
etiā mors intellegat&#13;
~73~Qđ electi seu reꝓbi ad loca cōmunia&#13;
deducant in tormentis &lt;seg&gt;nes sint&lt;/seg&gt;&#13;
~74~De hoc qđ in domo di̅ multę mansio&#13;
~75~Qđ illū quē semel culpa ad pęnā&#13;
ꝑtrahit misericordia &lt;del&gt;ul&lt;/del&gt;terius ad&#13;
ueniā non reducat&#13;
~76~Qđ ds̅ dicat zelans dicat iratus dicat&#13;
pęnitens dicatur misericors dicat&#13;
p̄scius &lt;del&gt;sc̅itatis sint&lt;/seg&gt;&#13;
~77~Cur ds̅ suos electos sic &lt;del&gt;ꝑ&lt;/del&gt;mittat mori&#13;
ut n̅ in uita illorū ostendat cuius&#13;
~78~Qđ miseris mors fiat sine morte&#13;
~79~Qđ in inferno peccatorib ad c̅solatio¬&#13;
nē ignis n̅ luceat s ut magistor&#13;
~80~De eadem re &lt;seg&gt;queat&lt;/seg&gt;&#13;
~81~Qđ humana anima ita inmortalis&#13;
sit ut et mori possit et n̅ possit</Unicode>
            </TextEquiv>
        </TextRegion>
        <TextRegion orientation="0.0" id="rwau9_16" custom="readingOrder {index:3;} structure {type:column_2;}">
            <Coords points="688,148 1198,148 1198,1518 705,1518"/>
            <TextLine id="line_1666694137221_560" custom="readingOrder {index:0;}">
                <Coords points="689,216 778,227 884,213 966,237 1066,212 1091,230 1159,212 1159,179 1114,160 1034,186 979,167 882,182 854,160 812,178 778,165 689,178"/>
                <Baseline points="694,204 720,204 746,205 772,205 799,205 825,205 851,205 877,205 904,205 930,205 956,205 982,206 1009,206 1035,206 1061,207 1087,208 1114,209 1140,209 1154,210"/>
                <TextEquiv>
                    <Unicode>~82~Qđ corporeus sit ignis gehennę et n̅</Unicode>
                </TextEquiv>
            </TextLine>
            <TextLine id="rwau9_16l2" custom="readingOrder {index:1;}">
                <Coords points="711,272 745,263 787,279 813,260 852,257 887,275 934,258 970,273 1009,260 1124,272 1130,230 916,238 858,226 822,237 764,219 711,232"/>
                <Baseline points="716,248 741,250 767,250 792,251 818,251 843,252 869,252 894,252 920,252 946,252 971,253 997,253 1022,253 1048,254 1073,255 1099,256 1125,258"/>
                <TextEquiv>
                    <Unicode>indigeat alia materia nisi reꝓboꝝ</Unicode>
                </TextEquiv>
            </TextLine>
            <TextLine id="rwau9_16l3" custom="readingOrder {index:2;}">
                <Coords points="715,315 725,312 742,317 751,308 764,314 794,306 811,312 835,303 846,304 847,282 831,284 816,275 809,280 804,275 792,279 779,279 774,274 763,277 751,268 738,278 725,267 716,270"/>
                <Baseline points="721,292 751,294 781,294 811,295 842,297"/>
                <TextEquiv>
                    <Unicode>cruciatū</Unicode>
                </TextEquiv>
            </TextLine>
            <TextLine id="line_1666694140140_567" custom="readingOrder {index:3;}">
                <Coords points="683,365 753,347 965,363 1063,347 1173,373 1174,310 1113,322 1069,302 1014,327 959,304 922,321 902,302 849,327 752,309 683,330"/>
                <Baseline points="688,337 713,337 738,337 763,338 788,338 813,339 838,339 863,340 888,340 913,340 938,341 963,341 988,342 1013,342 1038,342 1063,342 1088,342 1113,342 1138,341 1163,341 1168,340"/>
                <TextEquiv>
                    <Unicode>~83~Cur anima in corpore manens et egre¬</Unicode>
                </TextEquiv>
            </TextLine>
            <TextLine id="rwau9_16l5" custom="readingOrder {index:4;}">
                <Coords points="690,391 731,401 759,387 797,402 834,394 869,404 892,391 955,402 1017,396 1017,367 992,353 973,363 916,355 875,370 828,354 780,353 764,367 728,356 690,372"/>
                <Baseline points="695,380 721,381 747,381 774,382 800,382 827,383 853,384 879,384 906,385 932,385 959,385 985,385 1012,384"/>
                <TextEquiv>
                    <Unicode>diens uideri non possit</Unicode>
                </TextEquiv>
            </TextLine>
            <TextLine id="line_1666694142918_574" custom="readingOrder {index:5;}">
                <Coords points="705,437 971,452 992,437 1071,452 1173,441 1167,396 1032,397 1008,411 968,396 928,415 705,393"/>
                <Baseline points="710,426 735,427 761,427 786,428 812,428 837,429 863,429 888,429 914,429 939,430 965,430 990,430 1016,430 1041,430 1067,429 1092,429 1118,429 1143,428 1168,427"/>
                <TextEquiv>
                    <Unicode>~84~Vt nullus dubitare debeat ea ee̅ inui¬</Unicode>
                </TextEquiv>
            </TextLine>
            <TextLine id="rwau9_16l7" custom="readingOrder {index:6;}">
                <Coords points="714,478 810,473 845,490 1010,474 1148,491 1198,465 1186,447 1117,456 1096,440 951,455 714,437"/>
                <Baseline points="719,469 745,469 771,470 798,470 824,471 850,471 877,471 903,471 929,472 956,472 982,472 1008,472 1035,472 1061,471 1087,471 1114,471 1140,471 1166,470 1193,470"/>
                <TextEquiv>
                    <Unicode>sibilia quę do̅ inuisibili subministrant</Unicode>
                </TextEquiv>
            </TextLine>
            <TextLine id="line_1666694149987_581" custom="readingOrder {index:7;}">
                <Coords points="690,527 896,533 938,518 1082,544 1114,529 1145,538 1145,487 1040,481 1003,500 967,488 925,502 901,486 825,501 738,487 690,508"/>
                <Baseline points="695,516 720,514 745,514 770,514 795,514 820,514 845,514 871,514 896,514 921,514 946,515 971,515 996,515 1021,515 1047,515 1072,514 1097,514 1122,513 1140,512"/>
                <TextEquiv>
                    <Unicode>~85~Qđ nulla uisibilia uideri ꝉ cognosci</Unicode>
                </TextEquiv>
            </TextLine>
            <TextLine id="rwau9_16l9" custom="readingOrder {index:8;}">
                <Coords points="714,576 738,561 874,578 907,564 977,584 1015,570 1036,575 1036,543 962,529 890,542 846,528 714,535"/>
                <Baseline points="719,558 745,557 771,556 797,556 823,555 849,555 875,555 901,555 927,556 953,556 979,556 1005,557 1031,557"/>
                <TextEquiv>
                    <Unicode>possint nisi ꝑ inuisibilia</Unicode>
                </TextEquiv>
            </TextLine>
            <TextLine id="line_1666694153975_588" custom="readingOrder {index:9;}">
                <Coords points="718,619 810,606 959,620 1163,601 1163,583 1121,562 1065,584 1015,570 979,584 949,572 718,577"/>
                <Baseline points="723,600 748,600 773,599 798,599 823,599 848,599 873,600 898,600 923,600 948,601 973,601 998,601 1023,601 1048,601 1073,601 1098,601 1123,600 1148,600 1158,599"/>
                <TextEquiv>
                    <Unicode>~86~Qđ in corporeus sp̅s in inferno a cor¬</Unicode>
                </TextEquiv>
            </TextLine>
            <TextLine id="rwau9_16l11" custom="readingOrder {index:10;}">
                <Coords points="724,665 742,652 805,667 871,650 919,664 1145,656 1165,649 1165,620 1097,626 1071,605 1025,630 997,616 958,629 908,617 872,630 724,623"/>
                <Baseline points="729,644 754,644 779,645 805,645 830,645 855,645 881,645 906,645 931,645 957,645 982,645 1007,645 1033,645 1058,645 1083,645 1109,645 1134,645 1160,646"/>
                <TextEquiv>
                    <Unicode>poreo igne affligatur &lt;seg&gt;cruciat&lt;/seg&gt;</Unicode>
                </TextEquiv>
            </TextLine>
            <TextLine id="line_1666694157301_595" custom="readingOrder {index:11;}">
                <Coords points="701,701 854,689 978,695 1006,711 1036,694 1061,705 1169,692 1160,662 1035,673 911,657 859,671 752,654 727,670 701,663"/>
                <Baseline points="706,686 731,686 757,686 782,686 808,685 833,685 859,685 885,685 910,685 936,685 961,685 987,685 1012,686 1038,686 1064,686 1089,686 1115,687 1140,687 1164,687"/>
                <TextEquiv>
                    <Unicode>~87~Qđ in corporeus sp̅s uiuificare possit</Unicode>
                </TextEquiv>
            </TextLine>
            <TextLine id="rwau9_16l13" custom="readingOrder {index:12;}">
                <Coords points="720,732 894,750 951,732 1012,742 1046,730 1079,746 1137,731 1137,703 1112,701 954,714 916,698 882,709 804,691 720,700"/>
                <Baseline points="725,724 750,725 775,725 801,726 826,726 852,726 877,726 903,726 928,726 953,725 979,725 1004,725 1030,725 1055,725 1081,726 1106,726 1132,727"/>
                <TextEquiv>
                    <Unicode>et ibi teneri ubi a corporeo igne</Unicode>
                </TextEquiv>
            </TextLine>
            <TextLine id="line_1666694161204_602" custom="readingOrder {index:13;}">
                <Coords points="692,775 815,792 962,775 995,789 1031,777 1163,787 1163,752 1118,742 1042,751 915,736 894,750 796,738 755,754 692,730"/>
                <Baseline points="697,768 723,768 749,769 775,769 802,770 828,770 854,770 880,770 907,769 933,769 959,769 985,769 1012,768 1038,768 1064,768 1090,768 1117,768 1143,769 1158,769"/>
                <TextEquiv>
                    <Unicode>~88~De apostatis spiritib qđ in corporei</Unicode>
                </TextEquiv>
            </TextLine>
            <TextLine id="rwau9_16l15" custom="readingOrder {index:14;}">
                <Coords points="723,824 877,819 910,837 966,815 1115,836 1115,789 1047,792 1032,777 989,798 916,796 904,783 843,795 784,783 760,798 723,788"/>
                <Baseline points="728,811 753,812 778,813 804,814 829,814 855,814 880,814 906,814 931,814 957,813 982,813 1008,813 1033,813 1059,813 1084,814 1110,814"/>
                <TextEquiv>
                    <Unicode>credendi sint &lt;seg&gt;dus sit&lt;/seg&gt;</Unicode>
                </TextEquiv>
            </TextLine>
            <TextLine id="line_1666694165896_609" custom="readingOrder {index:15;}">
                <Coords points="706,869 878,879 915,860 1067,877 1160,858 1160,838 1137,828 1084,839 1032,818 906,839 870,820 813,845 784,827 706,828"/>
                <Baseline points="711,859 736,859 761,859 787,858 812,858 838,857 863,857 889,857 914,856 940,856 965,856 991,856 1016,856 1042,857 1067,857 1093,857 1118,858 1144,859 1155,859"/>
                <TextEquiv>
                    <Unicode>~89~Qđ gehennę ignis corporeus ee̅ creden¬</Unicode>
                </TextEquiv>
            </TextLine>
            <TextLine id="rwau9_16l17" custom="readingOrder {index:16;}">
                <Coords points="698,907 1039,904 1085,927 1158,916 1149,873 1013,882 923,866 857,883 821,872 800,887 757,872 735,886 698,877"/>
                <Baseline points="703,901 728,901 753,900 778,900 803,900 828,899 853,899 878,899 903,899 928,899 953,899 978,900 1003,900 1028,900 1053,900 1078,900 1103,900 1128,899 1153,899"/>
                <TextEquiv>
                    <Unicode>~90~De hoc qđ scribit dm̅ nemo uidit um¬</Unicode>
                </TextEquiv>
            </TextLine>
            <TextLine id="rwau9_16l18" custom="readingOrder {index:17;}">
                <Coords points="731,963 787,948 861,964 947,949 1039,965 1101,951 1173,963 1173,925 1145,914 1080,928 1035,914 976,926 845,909 731,923"/>
                <Baseline points="736,941 761,941 786,941 812,941 837,941 863,941 888,941 913,941 939,941 964,941 990,941 1015,941 1040,941 1066,941 1091,941 1117,941 1142,941 1168,941"/>
                <TextEquiv>
                    <Unicode>quā et qualit̅ illud intellegendū sit</Unicode>
                </TextEquiv>
            </TextLine>
            <TextLine id="rwau9_16l19" custom="readingOrder {index:18;}">
                <Coords points="698,987 743,990 768,1010 967,991 1022,1018 1076,1000 1076,969 1051,960 948,967 927,956 897,971 849,971 796,949 731,971 698,953"/>
                <Baseline points="703,985 729,985 755,985 781,985 808,985 834,985 860,985 887,986 913,986 939,986 965,985 992,985 1018,985 1044,984 1071,984"/>
                <TextEquiv>
                    <Unicode>~91~De duplici poena damnatorū</Unicode>
                </TextEquiv>
            </TextLine>
            <TextLine id="rwau9_16l20" custom="readingOrder {index:19;}">
                <Coords points="696,1033 796,1046 886,1039 919,1049 938,1037 965,1042 966,1017 929,997 898,1015 873,1004 856,1010 824,1001 756,1013 696,997"/>
                <Baseline points="701,1028 727,1027 753,1027 779,1027 805,1027 831,1027 857,1028 883,1028 909,1029 935,1030 961,1032"/>
                <TextEquiv>
                    <Unicode>~92~De poenis impiorū</Unicode>
                </TextEquiv>
            </TextLine>
            <TextLine id="rwau9_16l22" custom="readingOrder {index:20;}">
                <Coords points="707,1077 736,1088 747,1078 766,1076 778,1082 831,1080 855,1097 911,1079 911,1059 869,1041 858,1045 841,1038 796,1046 784,1039 734,1051 707,1037"/>
                <Baseline points="712,1070 739,1070 767,1069 795,1069 822,1069 850,1070 878,1071 906,1073"/>
                <TextEquiv>
                    <Unicode>~93~De antichristo</Unicode>
                </TextEquiv>
            </TextLine>
            <TextLine id="rwau9_16l23" custom="readingOrder {index:21;}">
                <Coords points="706,1129 1039,1118 1092,1132 1182,1113 1182,1091 1118,1094 1091,1075 1007,1096 925,1078 882,1100 706,1077"/>
                <Baseline points="711,1112 736,1112 762,1112 788,1112 814,1112 840,1113 866,1113 892,1113 918,1113 944,1113 969,1114 995,1114 1021,1114 1047,1113 1073,1113 1099,1113 1125,1112 1151,1112 1177,1110"/>
                <TextEquiv>
                    <Unicode>~94~Qđ ante diem i&lt;del&gt;&lt;/del&gt;dicii etiā electi casuri</Unicode>
                </TextEquiv>
            </TextLine>
            <TextLine id="rwau9_16l24" custom="readingOrder {index:22;}">
                <Coords points="726,1160 814,1175 847,1160 884,1170 933,1159 982,1178 1004,1161 1076,1160 1076,1137 1002,1119 963,1139 920,1119 899,1130 831,1123 726,1140"/>
                <Baseline points="731,1154 757,1154 783,1154 809,1154 835,1154 861,1153 887,1153 914,1153 940,1153 966,1153 992,1153 1018,1153 1044,1153 1071,1154"/>
                <TextEquiv>
                    <Unicode>sint in aduentu antichristi</Unicode>
                </TextEquiv>
            </TextLine>
            <TextLine id="rwau9_16l25" custom="readingOrder {index:23;}">
                <Coords points="702,1206 744,1201 767,1212 832,1204 849,1215 858,1208 906,1204 906,1170 888,1166 858,1174 850,1169 801,1182 783,1172 733,1186 711,1168 702,1171"/>
                <Baseline points="707,1198 734,1198 762,1197 790,1197 817,1197 845,1198 873,1198 901,1197"/>
                <TextEquiv>
                    <Unicode>~95~De antichristo</Unicode>
                </TextEquiv>
            </TextLine>
            <TextLine id="rwau9_16l26" custom="readingOrder {index:24;}">
                <Coords points="709,1245 758,1243 822,1254 837,1246 847,1252 873,1247 884,1256 901,1248 912,1254 947,1248 947,1223 906,1207 884,1220 871,1212 840,1223 791,1206 737,1223 709,1215"/>
                <Baseline points="714,1238 739,1238 764,1238 790,1239 815,1239 840,1239 866,1240 891,1240 916,1240 942,1240"/>
                <TextEquiv>
                    <Unicode>~96~Itē de antichristo</Unicode>
                </TextEquiv>
            </TextLine>
            <TextLine id="line_1666694183527_640" custom="readingOrder {index:25;}">
                <Coords points="716,1295 924,1286 976,1302 996,1284 1041,1305 1102,1305 1166,1287 1166,1262 1127,1246 1017,1259 939,1248 915,1264 874,1248 838,1263 802,1247 774,1262 716,1249"/>
                <Baseline points="721,1280 746,1280 771,1280 796,1281 821,1281 846,1281 871,1281 896,1280 921,1280 946,1280 971,1280 996,1280 1021,1279 1046,1279 1071,1279 1096,1279 1121,1279 1146,1279 1161,1279"/>
                <TextEquiv>
                    <Unicode>~97~Qđ in nouissimis om̅s israhelitę ꝑ p̄dica¬</Unicode>
                </TextEquiv>
            </TextLine>
            <TextLine id="rwau9_16l28" custom="readingOrder {index:26;}">
                <Coords points="726,1338 798,1329 835,1343 887,1324 939,1338 967,1327 1037,1338 1084,1326 1084,1307 1023,1307 993,1291 981,1303 954,1291 923,1308 879,1298 868,1306 853,1293 821,1302 802,1291 726,1309"/>
                <Baseline points="731,1322 757,1322 784,1322 811,1322 838,1322 864,1322 891,1322 918,1322 945,1322 971,1322 998,1322 1025,1322 1052,1322 1079,1321"/>
                <TextEquiv>
                    <Unicode>tionē helię conuerti debeant</Unicode>
                </TextEquiv>
            </TextLine>
            <TextLine id="rwau9_16l29" custom="readingOrder {index:27;}">
                <Coords points="716,1377 919,1371 933,1383 999,1384 1020,1370 1041,1379 1118,1367 1117,1336 923,1350 867,1334 843,1350 825,1339 783,1348 744,1331 715,1338"/>
                <Baseline points="721,1363 747,1363 773,1364 799,1364 825,1364 851,1364 877,1364 903,1363 930,1363 956,1363 982,1363 1008,1362 1034,1362 1060,1362 1086,1361 1113,1361"/>
                <TextEquiv>
                    <Unicode>~98~De hoc cur in hac uita sepius bonis</Unicode>
                </TextEquiv>
            </TextLine>
            <TextLine id="rwau9_16l30" custom="readingOrder {index:28;}">
                <Coords points="740,1417 769,1422 836,1408 872,1411 898,1427 918,1411 983,1430 1008,1421 1036,1427 1035,1371 978,1387 961,1375 898,1387 846,1372 804,1385 739,1381"/>
                <Baseline points="744,1406 770,1406 796,1405 822,1405 848,1405 874,1404 900,1404 926,1403 952,1403 978,1403 1004,1403 1030,1404"/>
                <TextEquiv>
                    <Unicode>male sit et malis bene</Unicode>
                </TextEquiv>
            </TextLine>
            <TextLine id="rwau9_16l31" custom="readingOrder {index:29;}">
                <Coords points="716,1471 813,1457 918,1477 970,1465 991,1480 1025,1465 1041,1477 1080,1455 1154,1472 1154,1434 1120,1420 1028,1436 991,1423 905,1432 873,1411 809,1432 716,1416"/>
                <Baseline points="721,1454 746,1454 771,1454 796,1454 821,1454 846,1453 872,1453 897,1453 922,1453 947,1452 972,1452 997,1452 1023,1452 1048,1452 1073,1452 1098,1452 1123,1452 1149,1452"/>
                <TextEquiv>
                    <Unicode>~99~Qđ etiā om̅s &lt;add&gt;in&gt;/add&gt;fideles resurgere debeant</Unicode>
                </TextEquiv>
            </TextLine>
            <TextEquiv>
                <Unicode>~82~Qđ corporeus sit ignis gehennę et n̅&#13;
indigeat alia materia nisi reꝓboꝝ&#13;
cruciatū&#13;
~83~Cur anima in corpore manens et egre¬&#13;
diens uideri non possit&#13;
~84~Vt nullus dubitare debeat ea ee̅ inui¬&#13;
sibilia quę do̅ inuisibili subministrant&#13;
~85~Qđ nulla uisibilia uideri ꝉ cognosci&#13;
possint nisi ꝑ inuisibilia&#13;
~86~Qđ in corporeus sp̅s in inferno a cor¬&#13;
poreo igne affligatur &lt;seg&gt;cruciat&lt;/seg&gt;&#13;
~87~Qđ in corporeus sp̅s uiuificare possit&#13;
et ibi teneri ubi a corporeo igne&#13;
~88~De apostatis spiritib qđ in corporei&#13;
credendi sint &lt;seg&gt;dus sit&lt;/seg&gt;&#13;
~89~Qđ gehennę ignis corporeus ee̅ creden¬&#13;
~90~De hoc qđ scribit dm̅ nemo uidit um¬&#13;
quā et qualit̅ illud intellegendū sit&#13;
~91~De duplici poena damnatorū&#13;
~92~De poenis impiorū&#13;
~93~De antichristo&#13;
~94~Qđ ante diem i&lt;del&gt;&lt;/del&gt;dicii etiā electi casuri&#13;
sint in aduentu antichristi&#13;
~95~De antichristo&#13;
~96~Itē de antichristo&#13;
~97~Qđ in nouissimis om̅s israhelitę ꝑ p̄dica¬&#13;
tionē helię conuerti debeant&#13;
~98~De hoc cur in hac uita sepius bonis&#13;
male sit et malis bene&#13;
~99~Qđ etiā om̅s &lt;add&gt;in&gt;/add&gt;fideles resurgere debeant</Unicode>
            </TextEquiv>
        </TextRegion>
        <TextRegion orientation="0.0" id="ruWlU_14" custom="readingOrder {index:4;} structure {type:chapter_count;}">
            <Coords points="1169,124 1419,124 1419,1505 1169,1505"/>
            <TextLine id="ruWlU_14l2" custom="readingOrder {index:0;}">
                <Coords points="1172,237 1178,238 1199,222 1219,224 1229,219 1259,241 1267,237 1273,243 1281,244 1287,238 1300,242 1303,201 1267,188 1258,180 1247,186 1240,179 1211,176 1195,166 1176,172"/>
                <Baseline points="1179,212 1208,213 1238,215 1267,217 1297,218"/>
                <TextEquiv>
                    <Unicode>~82~lxxxii</Unicode>
                </TextEquiv>
            </TextLine>
            <TextLine id="ruWlU_14l3" custom="readingOrder {index:1;}">
                <Coords points="1174,344 1212,345 1237,364 1254,358 1275,364 1289,354 1305,359 1307,332 1294,331 1282,321 1262,326 1254,322 1246,325 1234,316 1224,323 1213,321 1177,297"/>
                <Baseline points="1179,340 1209,339 1240,341 1270,344 1301,346"/>
                <TextEquiv>
                    <Unicode>~83~lxxxiii</Unicode>
                </TextEquiv>
            </TextLine>
            <TextLine id="ruWlU_14l4" custom="readingOrder {index:2;}">
                <Coords points="1170,440 1182,442 1196,433 1213,434 1218,440 1237,432 1270,437 1284,445 1290,439 1315,435 1316,420 1288,418 1266,402 1253,404 1220,376 1195,385 1175,371"/>
                <Baseline points="1176,427 1202,427 1229,428 1256,430 1283,433 1310,435"/>
                <TextEquiv>
                    <Unicode>~84~lxxxiiii</Unicode>
                </TextEquiv>
            </TextLine>
            <TextLine id="ruWlU_14l6" custom="readingOrder {index:3;}">
                <Coords points="1183,518 1193,513 1204,518 1217,512 1229,517 1240,513 1256,518 1262,512 1275,518 1279,514 1284,518 1303,516 1304,497 1294,497 1272,480 1268,484 1262,478 1245,489 1231,482 1215,487 1196,480 1185,483"/>
                <Baseline points="1188,509 1215,510 1243,511 1270,512 1298,515"/>
                <TextEquiv>
                    <Unicode>~85~lxxxv</Unicode>
                </TextEquiv>
            </TextLine>
            <TextLine id="ruWlU_14l7" custom="readingOrder {index:4;}">
                <Coords points="1181,603 1200,601 1213,612 1230,615 1247,609 1287,632 1307,631 1311,570 1297,567 1268,583 1253,577 1238,562 1228,568 1216,566 1191,544 1185,544"/>
                <Baseline points="1187,596 1216,599 1245,601 1274,602 1303,604"/>
                <TextEquiv>
                    <Unicode>~86~lxxxvi</Unicode>
                </TextEquiv>
            </TextLine>
            <TextLine id="ruWlU_14l8" custom="readingOrder {index:5;}">
                <Coords points="1186,714 1234,698 1240,703 1250,701 1257,695 1272,694 1290,706 1304,697 1314,699 1314,651 1289,645 1281,652 1255,653 1246,644 1232,642 1213,652 1186,654"/>
                <Baseline points="1191,690 1220,693 1250,694 1279,693 1309,692"/>
                <TextEquiv>
                    <Unicode>~87~lxxxvii</Unicode>
                </TextEquiv>
            </TextLine>
            <TextLine id="ruWlU_14l9" custom="readingOrder {index:6;}">
                <Coords points="1189,778 1210,786 1224,779 1246,781 1262,775 1277,789 1294,792 1316,806 1319,751 1296,743 1275,754 1262,751 1250,760 1246,755 1215,755 1201,741 1191,739"/>
                <Baseline points="1195,772 1224,773 1254,773 1283,774 1313,778"/>
                <TextEquiv>
                    <Unicode>~88~lxxxviii</Unicode>
                </TextEquiv>
            </TextLine>
            <TextLine id="ruWlU_14l10" custom="readingOrder {index:7;}">
                <Coords points="1191,883 1207,879 1221,887 1241,873 1267,869 1289,875 1306,891 1315,885 1343,889 1344,835 1332,833 1324,839 1302,829 1284,843 1267,844 1248,826 1224,825 1192,803"/>
                <Baseline points="1196,861 1224,862 1252,861 1281,861 1309,862 1338,863"/>
                <TextEquiv>
                    <Unicode>~89~lxxxviiii</Unicode>
                </TextEquiv>
            </TextLine>
            <TextLine id="ruWlU_14l11" custom="readingOrder {index:8;}">
                <Coords points="1197,905 1202,905 1204,908 1210,906 1231,926 1238,923 1248,926 1250,885 1239,882 1234,884 1227,881 1218,887 1212,885 1207,879 1203,882 1198,882"/>
                <Baseline points="1202,901 1244,903"/>
                <TextEquiv>
                    <Unicode>~90~xc</Unicode>
                </TextEquiv>
            </TextLine>
            <TextLine id="ruWlU_14l12" custom="readingOrder {index:9;}">
                <Coords points="1187,989 1202,992 1210,988 1211,990 1218,983 1225,987 1234,979 1242,987 1254,990 1254,940 1249,940 1239,948 1231,941 1201,951 1187,950"/>
                <Baseline points="1192,979 1220,978 1249,980"/>
                <TextEquiv>
                    <Unicode>~91~xci</Unicode>
                </TextEquiv>
            </TextLine>
            <TextLine id="ruWlU_14l13" custom="readingOrder {index:10;}">
                <Coords points="1193,1036 1215,1036 1227,1027 1252,1042 1257,1039 1261,1043 1275,1037 1275,1003 1265,1002 1260,998 1253,1002 1247,998 1244,1001 1238,997 1217,1001 1211,995 1207,997 1200,991 1193,992"/>
                <Baseline points="1198,1015 1234,1015 1270,1015"/>
                <TextEquiv>
                    <Unicode>~92~xcii</Unicode>
                </TextEquiv>
            </TextLine>
            <TextLine id="ruWlU_14l14" custom="readingOrder {index:11;}">
                <Coords points="1168,1080 1173,1081 1184,1072 1196,1073 1201,1078 1206,1073 1212,1073 1223,1079 1230,1074 1237,1078 1243,1072 1262,1073 1262,1049 1250,1052 1240,1043 1226,1048 1210,1041 1201,1048 1189,1051 1180,1060 1168,1059"/>
                <Baseline points="1173,1066 1201,1065 1229,1065 1257,1068"/>
                <TextEquiv>
                    <Unicode>~93~xciii</Unicode>
                </TextEquiv>
            </TextLine>
            <TextLine id="ruWlU_14l15" custom="readingOrder {index:12;}">
                <Coords points="1173,1121 1188,1123 1201,1134 1220,1123 1231,1127 1238,1121 1250,1123 1273,1113 1281,1115 1281,1083 1259,1085 1243,1073 1237,1077 1229,1074 1223,1080 1211,1073 1201,1077 1189,1071 1173,1075"/>
                <Baseline points="1178,1111 1210,1111 1243,1112 1276,1111"/>
                <TextEquiv>
                    <Unicode>~94~xciiii</Unicode>
                </TextEquiv>
            </TextLine>
            <TextLine id="ruWlU_14l16" custom="readingOrder {index:13;}">
                <Coords points="1193,1203 1206,1201 1214,1206 1224,1200 1232,1207 1247,1201 1259,1204 1262,1168 1250,1165 1247,1168 1232,1168 1219,1174 1214,1169 1195,1170"/>
                <Baseline points="1199,1194 1227,1196 1255,1198"/>
                <TextEquiv>
                    <Unicode>~95~xcv</Unicode>
                </TextEquiv>
            </TextLine>
            <TextLine id="ruWlU_14l17" custom="readingOrder {index:14;}">
                <Coords points="1190,1247 1206,1242 1215,1243 1219,1240 1226,1245 1229,1243 1236,1246 1249,1242 1256,1247 1267,1246 1269,1218 1258,1218 1251,1224 1246,1221 1243,1223 1227,1209 1221,1212 1206,1201 1193,1203"/>
                <Baseline points="1196,1235 1229,1238 1263,1240"/>
                <TextEquiv>
                    <Unicode>~96~xcvi</Unicode>
                </TextEquiv>
            </TextLine>
            <TextLine id="ruWlU_14l18" custom="readingOrder {index:15;}">
                <Coords points="1193,1282 1205,1288 1223,1282 1234,1289 1248,1289 1268,1305 1279,1303 1280,1251 1269,1249 1263,1252 1249,1242 1237,1246 1222,1240 1194,1244"/>
                <Baseline points="1198,1281 1223,1279 1248,1280 1274,1283"/>
                <TextEquiv>
                    <Unicode>~97~xcvii</Unicode>
                </TextEquiv>
            </TextLine>
            <TextLine id="ruWlU_14l19" custom="readingOrder {index:16;}">
                <Coords points="1191,1366 1207,1368 1214,1365 1227,1372 1242,1366 1257,1374 1269,1365 1292,1363 1290,1331 1270,1331 1254,1337 1244,1335 1228,1321 1224,1325 1206,1309 1187,1305"/>
                <Baseline points="1196,1364 1286,1358"/>
                <TextEquiv>
                    <Unicode>~98~xcviii</Unicode>
                </TextEquiv>
            </TextLine>
            <TextLine id="ruWlU_14l20" custom="readingOrder {index:17;}">
                <Coords points="1200,1458 1222,1454 1226,1458 1241,1457 1245,1462 1250,1459 1258,1464 1299,1460 1300,1396 1291,1396 1277,1406 1260,1402 1248,1391 1221,1392 1201,1400"/>
                <Baseline points="1205,1452 1234,1452 1264,1454 1294,1453"/>
                <TextEquiv>
                    <Unicode>~99~xcviiii</Unicode>
                </TextEquiv>
            </TextLine>
            <TextEquiv>
                <Unicode>~82~lxxxii&#13;
~83~lxxxiii&#13;
~84~lxxxiiii&#13;
~85~lxxxv&#13;
~86~lxxxvi&#13;
~87~lxxxvii&#13;
~88~lxxxviii&#13;
~89~lxxxviiii&#13;
~90~xc&#13;
~91~xci&#13;
~92~xcii&#13;
~93~xciii&#13;
~94~xciiii&#13;
~95~xcv&#13;
~96~xcvi&#13;
~97~xcvii&#13;
~98~xcviii&#13;
~99~xcviiii</Unicode>
            </TextEquiv>
        </TextRegion>
    </Page>
</PcGts>
