<?xml version="1.0" encoding="UTF-8" standalone="yes"?>
<PcGts xmlns="http://schema.primaresearch.org/PAGE/gts/pagecontent/2013-07-15" xmlns:xsi="http://www.w3.org/2001/XMLSchema-instance" xsi:schemaLocation="http://schema.primaresearch.org/PAGE/gts/pagecontent/2013-07-15 http://schema.primaresearch.org/PAGE/gts/pagecontent/2013-07-15/pagecontent.xsd">
    <Metadata>
        <Creator>prov=University of Rostock/Institute of Mathematics/CITlab|PLANET AI GmbH/Gundram Leifert/gundram.leifert@planet-ai.de:name=bdd-wormser-scriptorium-0.1(htr_id=45584)::::v=2.6.7
prov=University of Rostock/Institute of Mathematics/CITlab|PLANET AI GmbH/Tobias Gruening/tobias.gruening@planet-ai.de:name=de.uros.citlab.module.baseline2polygon.B2PSeamMultiOriented:v=2.6.7
prov=University of Rostock/Institute of Mathematics/CITlab|PLANET AI GmbH/Tobias Gruening/tobias.gruening@planet-ai.de:name=/net_tf/LA73_249_0mod360.pb:de.uros.citlab.segmentation.CITlab_LA_ML:v=2.6.7
prov=University of Rostock/Institute of Mathematics/CITlab|PLANET AI GmbH/Tobias Gruening/tobias.gruening@planet-ai.de:name=/net_tf/LA73_249_0mod360.pb:de.uros.citlab.segmentation.CITlab_LA_ML:v=2.6.7
P2PaLA-PRHLT</Creator>
        <Created>2022-10-25T12:53:47</Created>
        <LastChange>2022-11-24T15:03:31.414+01:00</LastChange>
        <TranskribusMetadata docId="732612" pageId="27998192" pageNr="578" tsid="104988223" status="FINAL" userId="126934" imgUrl="https://files.transkribus.eu/Get?id=RCSUGKJWPVHDDNSHBCDZAQUQ&amp;fileType=view" xmlUrl="https://files.transkribus.eu/Get?id=PFJXFLOLYFTDCHCEMOXKVUPD" imageId="21791158"/>
    </Metadata>
    <Page imageFilename="00578.jpg" imageWidth="1500" imageHeight="1846">
        <ReadingOrder>
            <OrderedGroup id="ro_1676883799194" caption="Regions reading order">
                <RegionRefIndexed index="0" regionRef="r3G1k_17"/>
                <RegionRefIndexed index="1" regionRef="rKZKL_5"/>
                <RegionRefIndexed index="2" regionRef="r0glt_1"/>
                <RegionRefIndexed index="3" regionRef="rYsc7_9"/>
                <RegionRefIndexed index="4" regionRef="rcgog_16"/>
                <RegionRefIndexed index="5" regionRef="rBD5Z_14"/>
                <RegionRefIndexed index="6" regionRef="ry5Hf_8"/>
                <RegionRefIndexed index="7" regionRef="rHVc2_3"/>
                <RegionRefIndexed index="8" regionRef="rYSRD_7"/>
                <RegionRefIndexed index="9" regionRef="rDS3s_2"/>
            </OrderedGroup>
        </ReadingOrder>
        <TextRegion id="r3G1k_17" custom="readingOrder {index:0;} structure {type:header;}">
            <Coords points="1402,57 115,84 48,104 44,158 105,191 365,142 1062,142 1320,169 1398,115"/>
            <TextLine id="line_1666695808453_1697" custom="readingOrder {index:0;}">
                <Coords points="670,122 711,120 728,131 738,122 757,136 780,127 804,141 824,133 840,143 881,123 900,131 981,107 981,94 947,84 931,94 865,94 823,80 790,92 773,81 670,97"/>
                <Baseline points="675,119 976,109"/>
                <TextEquiv>
                    <Unicode>xx liƀ de p̄destinatione</Unicode>
                </TextEquiv>
            </TextLine>
            <TextEquiv>
                <Unicode>xx liƀ de p̄destinatione</Unicode>
            </TextEquiv>
        </TextRegion>
        <TextRegion id="rKZKL_5" custom="readingOrder {index:1;} structure {type:chapter_count;}">
            <Coords points="87,1384 99,1402 167,1407 226,1406 238,1409 285,1409 294,1406 296,1391 292,1368 285,1357 263,1353 242,1343 175,1343 169,1346 167,1343 134,1343 103,1357"/>
            <TextLine id="line_1666695797028_1685" custom="readingOrder {index:0;}">
                <Coords points="148,1403 165,1399 191,1405 197,1399 204,1399 207,1395 214,1394 208,1349 194,1348 175,1363 169,1358 160,1364 149,1358 142,1359"/>
                <Baseline points="152,1396 208,1389"/>
                <TextEquiv>
                    <Unicode>*15*xv</Unicode>
                </TextEquiv>
            </TextLine>
            <TextEquiv>
                <Unicode>*15*xv</Unicode>
            </TextEquiv>
        </TextRegion>
        <TextRegion id="r0glt_1" custom="readingOrder {index:2;} structure {type:Inskription;}">
            <Coords points="83,1411 95,1434 91,1436 95,1454 111,1469 123,1489 216,1472 234,1481 263,1474 281,1476 292,1471 308,1454 306,1425 294,1409 167,1409 95,1404"/>
            <TextLine id="line_1666695801329_1691" custom="readingOrder {index:0;}">
                <Coords points="116,1460 142,1463 167,1446 191,1456 232,1449 279,1460 294,1472 306,1470 305,1410 287,1409 268,1419 237,1409 198,1423 166,1413 115,1423"/>
                <Baseline points="120,1446 300,1443"/>
                <TextEquiv>
                    <Unicode>*15*Ex decr̅ Celestini pp̅</Unicode>
                </TextEquiv>
            </TextLine>
            <TextEquiv>
                <Unicode>*15*Ex decr̅ Celestini pp̅</Unicode>
            </TextEquiv>
        </TextRegion>
        <TextRegion orientation="0.0" id="rYsc7_9" custom="readingOrder {index:3;} structure {type:column_1;}">
            <Coords points="337,147 294,173 312,1472 750,1463 775,1276 781,155"/>
            <TextLine id="rYsc7_9l1" custom="readingOrder {index:0;}">
                <Coords points="337,221 395,207 440,219 460,205 552,214 685,201 738,201 764,217 770,169 601,178 542,165 514,178 428,172 394,149 336,177"/>
                <Baseline points="342,201 368,201 395,200 421,200 448,199 474,199 501,198 527,197 554,197 580,196 607,196 633,196 660,196 686,196 713,196 739,196 766,197"/>
                <TextEquiv>
                    <Unicode>aliud quā tenebras carceris sciat</Unicode>
                </TextEquiv>
            </TextLine>
            <TextLine id="rYsc7_9l2" custom="readingOrder {index:1;}">
                <Coords points="335,263 406,272 460,252 550,262 654,245 761,256 761,224 714,212 599,213 583,225 478,217 449,230 422,216 402,230 335,221"/>
                <Baseline points="340,247 366,247 392,246 418,246 444,245 470,244 496,244 522,243 548,242 574,242 600,241 626,241 652,240 678,240 704,240 730,240 756,240"/>
                <TextEquiv>
                    <Unicode>et hęc quidē esse audiat s quia</Unicode>
                </TextEquiv>
            </TextLine>
            <TextLine id="rYsc7_9l3" custom="readingOrder {index:2;}">
                <Coords points="334,306 753,292 752,265 730,270 712,252 592,273 564,261 507,272 476,259 462,273 333,265"/>
                <Baseline points="339,291 364,291 390,290 415,289 441,288 466,288 492,287 517,287 543,286 569,286 594,286 620,286 645,285 671,285 696,285 722,285 748,285"/>
                <TextEquiv>
                    <Unicode>ꝑ experimentū non nouit uera¬</Unicode>
                </TextEquiv>
            </TextLine>
            <TextLine id="rYsc7_9l4" custom="readingOrder {index:3;}">
                <Coords points="335,343 512,349 573,332 748,350 770,343 770,307 721,296 690,314 650,296 598,314 573,300 528,311 464,295 335,319"/>
                <Baseline points="340,333 365,332 390,331 415,330 440,330 465,329 490,329 515,329 540,329 565,329 590,329 615,328 640,328 665,328 690,328 715,328 740,328 765,327"/>
                <TextEquiv>
                    <Unicode>citer ee̅&lt;note&gt;esse mit Häkchen&lt;/note&gt; diffidat ita in hac exilii</Unicode>
                </TextEquiv>
            </TextLine>
            <TextLine id="rYsc7_9l5" custom="readingOrder {index:4;}">
                <Coords points="331,385 401,396 430,382 657,386 750,376 763,348 690,339 630,355 574,356 550,342 499,355 473,344 426,358 330,353"/>
                <Baseline points="335,374 361,374 387,374 414,373 440,373 467,372 493,372 520,371 546,371 572,370 599,370 625,370 652,369 678,369 705,369 731,369 758,369"/>
                <TextEquiv>
                    <Unicode>sui cęcitate nati homines dū esse</Unicode>
                </TextEquiv>
            </TextLine>
            <TextLine id="rYsc7_9l6" custom="readingOrder {index:5;}">
                <Coords points="337,431 564,422 638,438 692,417 751,424 753,388 337,398"/>
                <Baseline points="342,416 367,416 392,415 418,414 443,414 468,414 494,414 519,414 545,413 570,413 595,413 621,413 646,413 671,413 697,413 722,413 748,412"/>
                <TextEquiv>
                    <Unicode>sūma et inuisibilia audiunt dif¬</Unicode>
                </TextEquiv>
            </TextLine>
            <TextLine id="rYsc7_9l7" custom="readingOrder {index:6;}">
                <Coords points="339,470 362,482 441,467 522,482 605,466 740,470 740,445 707,429 667,447 339,437"/>
                <Baseline points="344,460 370,460 396,460 422,459 448,459 474,459 500,459 526,459 552,459 578,460 604,460 630,460 656,460 682,460 708,459 735,459"/>
                <TextEquiv>
                    <Unicode>fidunt anuęra sint quia sola</Unicode>
                </TextEquiv>
            </TextLine>
            <TextLine id="rYsc7_9l8" custom="readingOrder {index:7;}">
                <Coords points="338,523 495,522 510,511 553,523 668,510 740,517 739,482 612,490 470,473 418,490 337,484"/>
                <Baseline points="343,505 369,505 395,505 421,505 447,505 473,505 499,505 525,505 552,505 578,504 604,504 630,504 656,504 682,504 708,503 735,503"/>
                <TextEquiv>
                    <Unicode>hęc in quibus nati sunt infima</Unicode>
                </TextEquiv>
            </TextLine>
            <TextLine id="rYsc7_9l9" custom="readingOrder {index:8;}">
                <Coords points="335,560 448,566 494,551 561,566 582,555 780,564 779,522 681,525 664,511 574,531 440,521 335,535"/>
                <Baseline points="340,549 365,549 391,549 416,549 442,548 467,548 493,547 519,547 544,547 570,546 595,546 621,545 647,545 672,545 698,546 723,546 749,547 775,547"/>
                <TextEquiv>
                    <Unicode>et uisibilia nouerunt Unde</Unicode>
                </TextEquiv>
            </TextLine>
            <TextLine id="rYsc7_9l10" custom="readingOrder {index:9;}">
                <Coords points="338,603 394,614 457,601 497,617 545,598 625,609 673,592 742,601 754,595 754,559 689,575 589,563 574,577 531,565 447,580 421,564 366,578 338,565"/>
                <Baseline points="343,593 368,593 393,593 419,593 444,593 469,592 495,592 520,592 546,592 571,591 596,591 622,591 647,591 672,591 698,590 723,590 749,590"/>
                <TextEquiv>
                    <Unicode>factū e̅ ut ipse inuisibiliū et uisi¬</Unicode>
                </TextEquiv>
            </TextLine>
            <TextLine id="rYsc7_9l12" custom="readingOrder {index:10;}">
                <Coords points="330,642 368,655 491,643 763,651 763,615 712,598 633,620 560,605 522,623 330,619"/>
                <Baseline points="335,636 361,636 387,636 414,636 440,636 467,636 493,636 520,636 546,636 572,636 599,636 625,635 652,635 678,635 705,635 731,635 758,635"/>
                <TextEquiv>
                    <Unicode>biliū creator ad humani &lt;add&gt;generis&lt;/add&gt; redemp¬</Unicode>
                </TextEquiv>
            </TextLine>
            <TextLine id="rYsc7_9l13" custom="readingOrder {index:11;}">
                <Coords points="335,695 377,683 487,703 524,683 760,684 760,651 335,660"/>
                <Baseline points="340,678 365,678 391,678 417,678 443,678 469,678 495,678 521,678 547,678 573,677 599,677 625,677 651,676 677,676 703,676 729,675 755,675"/>
                <TextEquiv>
                    <Unicode>tionē unigenitus patris ueniret</Unicode>
                </TextEquiv>
            </TextLine>
            <TextLine id="rYsc7_9l14" custom="readingOrder {index:12;}">
                <Coords points="329,719 355,738 702,720 765,741 765,699 696,681 589,702 571,688 526,702 329,697"/>
                <Baseline points="334,720 359,719 384,719 409,719 434,718 459,718 484,718 509,718 534,718 559,717 584,717 609,717 634,717 659,716 684,716 709,716 734,716 760,715"/>
                <TextEquiv>
                    <Unicode>et sp̅m sc̅m ad corda nr̅a mitteret</Unicode>
                </TextEquiv>
            </TextLine>
            <TextLine id="rYsc7_9l15" custom="readingOrder {index:13;}">
                <Coords points="334,777 621,767 642,783 671,769 754,772 754,739 652,749 618,731 555,747 498,734 437,748 334,741"/>
                <Baseline points="339,765 364,764 390,764 415,764 441,764 467,763 492,763 518,763 544,763 569,763 595,763 620,763 646,763 672,762 697,761 723,760 749,759"/>
                <TextEquiv>
                    <Unicode>quatenus ꝑ eū uiuificati credere¬</Unicode>
                </TextEquiv>
            </TextLine>
            <TextLine id="rYsc7_9l16" custom="readingOrder {index:14;}">
                <Coords points="336,819 483,825 540,804 578,817 660,814 681,831 747,811 747,785 728,781 592,790 562,776 514,791 486,777 426,792 411,780 336,776"/>
                <Baseline points="341,805 366,806 391,806 416,806 441,806 466,806 491,806 516,806 541,805 566,805 591,805 616,805 641,805 666,805 691,805 716,805 742,806"/>
                <TextEquiv>
                    <Unicode>mus quę &lt;del&gt;hic&lt;/del&gt; scire ꝑ experi¬</Unicode>
                </TextEquiv>
            </TextLine>
            <TextLine id="rYsc7_9l17" custom="readingOrder {index:15;}">
                <Coords points="326,855 370,868 401,855 483,868 543,855 566,868 608,857 640,869 658,855 755,860 755,827 633,818 586,834 509,823 485,834 437,819 326,835"/>
                <Baseline points="331,849 357,849 383,849 409,849 435,848 461,848 488,848 514,848 540,848 566,847 592,847 619,847 645,847 671,846 697,846 723,846 750,846"/>
                <TextEquiv>
                    <Unicode>mentū non possumus Quotquot</Unicode>
                </TextEquiv>
            </TextLine>
            <TextLine id="rYsc7_9l18" custom="readingOrder {index:16;}">
                <Coords points="330,901 365,919 400,900 514,899 543,915 593,896 721,920 714,859 638,875 608,857 561,877 505,864 455,877 429,865 330,871"/>
                <Baseline points="335,892 360,892 385,892 411,893 436,892 462,892 487,892 512,892 538,891 563,891 589,891 614,891 639,891 665,891 690,892 716,893"/>
                <TextEquiv>
                    <Unicode>ergo hunc sc̅m hęreditatis nr̅ę</Unicode>
                </TextEquiv>
            </TextLine>
            <TextLine id="rYsc7_9l19" custom="readingOrder {index:17;}">
                <Coords points="337,950 367,960 398,945 503,941 550,953 584,939 674,953 715,938 753,943 753,913 337,913"/>
                <Baseline points="342,936 367,936 392,936 418,936 443,936 468,936 494,935 519,935 545,934 570,934 595,934 621,933 646,933 671,933 697,933 722,933 748,934"/>
                <TextEquiv>
                    <Unicode>pignus accipimus de uita inui¬</Unicode>
                </TextEquiv>
            </TextLine>
            <TextLine id="rYsc7_9l20" custom="readingOrder {index:18;}">
                <Coords points="334,987 719,994 746,986 746,951 334,962"/>
                <Baseline points="339,978 364,978 389,978 414,978 439,978 464,978 489,978 514,978 540,977 565,977 590,977 615,976 640,976 665,976 690,976 715,975 741,975"/>
                <TextEquiv>
                    <Unicode>sibiliū non dubitemus Quisquis</Unicode>
                </TextEquiv>
            </TextLine>
            <TextLine id="rYsc7_9l21" custom="readingOrder {index:19;}">
                <Coords points="330,1023 419,1035 460,1022 527,1037 554,1026 587,1036 604,1023 682,1036 718,1023 746,1034 746,993 735,991 330,995"/>
                <Baseline points="335,1017 360,1017 385,1018 411,1018 436,1018 461,1018 487,1018 512,1017 538,1017 563,1017 588,1017 614,1017 639,1017 664,1017 690,1017 715,1017 741,1017"/>
                <TextEquiv>
                    <Unicode>autē in hac credulitate adhuc</Unicode>
                </TextEquiv>
            </TextLine>
            <TextLine id="rYsc7_9l22" custom="readingOrder {index:20;}">
                <Coords points="326,1074 427,1060 476,1082 524,1062 635,1083 661,1065 759,1072 759,1038 722,1033 639,1043 545,1030 478,1046 326,1029"/>
                <Baseline points="331,1060 357,1060 383,1060 410,1060 436,1060 463,1060 489,1060 516,1060 542,1060 568,1059 595,1059 621,1059 648,1059 674,1059 701,1058 727,1058 754,1058"/>
                <TextEquiv>
                    <Unicode>solidus non e̅ debet ꝓculdubio</Unicode>
                </TextEquiv>
            </TextLine>
            <TextLine id="rYsc7_9l23" custom="readingOrder {index:21;}">
                <Coords points="328,1109 425,1122 464,1107 554,1124 613,1105 717,1110 727,1070 704,1080 664,1069 644,1085 610,1086 564,1075 414,1089 328,1077"/>
                <Baseline points="333,1103 358,1103 384,1103 410,1103 436,1103 462,1103 488,1103 514,1103 540,1103 566,1102 592,1102 618,1102 644,1102 670,1102 696,1101 722,1101"/>
                <TextEquiv>
                    <Unicode>maiorū dictis prębere fidē</Unicode>
                </TextEquiv>
            </TextLine>
            <TextLine id="rYsc7_9l24" custom="readingOrder {index:22;}">
                <Coords points="326,1156 374,1165 433,1153 471,1166 500,1149 559,1150 574,1162 652,1147 669,1159 730,1151 730,1117 326,1125"/>
                <Baseline points="331,1145 357,1145 383,1145 409,1144 436,1144 462,1144 488,1144 514,1143 541,1143 567,1143 593,1143 619,1143 646,1143 672,1143 698,1143 725,1143"/>
                <TextEquiv>
                    <Unicode>eisq iam ꝑ sp̅m sc̅m inuisibiliū</Unicode>
                </TextEquiv>
            </TextLine>
            <TextLine id="rYsc7_9l25" custom="readingOrder {index:23;}">
                <Coords points="331,1192 356,1203 402,1189 719,1201 775,1190 775,1147 723,1168 542,1154 487,1170 331,1164"/>
                <Baseline points="336,1188 361,1187 387,1186 412,1186 438,1185 463,1185 489,1185 514,1185 540,1186 565,1186 591,1186 616,1186 642,1185 667,1185 693,1185 718,1184 744,1183 770,1182"/>
                <TextEquiv>
                    <Unicode>experimentū habentib credere</Unicode>
                </TextEquiv>
            </TextLine>
            <TextLine id="rYsc7_9l26" custom="readingOrder {index:24;}">
                <Coords points="331,1239 632,1233 694,1244 768,1228 768,1212 739,1197 688,1212 413,1199 372,1218 331,1206"/>
                <Baseline points="336,1234 361,1232 386,1232 411,1231 436,1230 461,1229 486,1229 511,1229 536,1229 562,1229 587,1229 612,1229 637,1229 662,1229 687,1229 712,1228 737,1228 763,1227"/>
                <TextEquiv>
                    <Unicode>quia stultus puer e̅ si matrē ideo</Unicode>
                </TextEquiv>
            </TextLine>
            <TextLine id="rYsc7_9l27" custom="readingOrder {index:25;}">
                <Coords points="327,1277 464,1290 499,1273 554,1270 613,1287 734,1273 733,1249 664,1242 531,1254 456,1238 326,1249"/>
                <Baseline points="332,1272 358,1271 384,1269 411,1269 437,1268 464,1268 490,1268 517,1267 543,1267 570,1267 596,1267 623,1267 649,1267 676,1267 702,1266 729,1265"/>
                <TextEquiv>
                    <Unicode>estimat deluce mentiri quia</Unicode>
                </TextEquiv>
            </TextLine>
            <TextLine id="rYsc7_9l28" custom="readingOrder {index:26;}">
                <Coords points="328,1339 395,1318 545,1327 566,1314 607,1330 686,1318 732,1330 757,1321 757,1282 562,1294 528,1284 506,1296 406,1279 328,1296"/>
                <Baseline points="333,1313 359,1312 385,1311 411,1310 437,1310 463,1310 490,1310 516,1310 542,1310 568,1310 594,1310 621,1310 647,1310 673,1310 699,1310 725,1310 752,1310"/>
                <TextEquiv>
                    <Unicode>ipse nihil aliud quā tenebras car¬</Unicode>
                </TextEquiv>
            </TextLine>
            <TextLine id="rYsc7_9l29" custom="readingOrder {index:27;}">
                <Coords points="322,1366 367,1356 424,1372 529,1363 545,1375 601,1356 704,1372 742,1354 742,1330 684,1318 661,1334 614,1336 561,1319 543,1336 477,1324 322,1342"/>
                <Baseline points="327,1357 352,1355 378,1354 403,1353 429,1352 455,1352 480,1352 506,1352 532,1352 557,1352 583,1352 608,1352 634,1351 660,1351 685,1351 711,1350 737,1349"/>
                <TextEquiv>
                    <Unicode>ceris agnouit &lt;seg&gt;fieri possit&lt;/seg&gt;</Unicode>
                </TextEquiv>
            </TextLine>
            <TextLine id="rYsc7_9l30" custom="readingOrder {index:28;}">
                <Coords points="329,1406 351,1414 408,1400 428,1412 467,1400 511,1414 547,1399 633,1413 734,1399 733,1367 720,1364 697,1377 641,1366 589,1379 530,1364 500,1377 394,1376 368,1356 328,1368"/>
                <Baseline points="334,1397 360,1397 386,1397 413,1396 439,1396 465,1396 492,1395 518,1395 544,1395 571,1394 597,1394 623,1393 650,1393 676,1393 702,1393 729,1393"/>
                <TextEquiv>
                    <Unicode>*15*Qđ nullus ꝑ semetipsū bonus</Unicode>
                </TextEquiv>
            </TextLine>
            <TextLine id="rYsc7_9l31" custom="readingOrder {index:29;}">
                <Coords points="310,1456 344,1442 383,1461 455,1450 514,1470 579,1446 695,1453 712,1442 756,1461 755,1415 607,1405 571,1421 458,1421 309,1401"/>
                <Baseline points="315,1444 340,1443 366,1442 391,1441 417,1441 443,1440 468,1439 494,1439 520,1438 545,1438 571,1437 597,1437 622,1437 648,1437 674,1437 699,1437 725,1437 751,1437"/>
                <TextEquiv>
                    <Unicode>~Neminē esse ꝑ semetipsū bonū</Unicode>
                </TextEquiv>
            </TextLine>
            <TextEquiv>
                <Unicode>aliud quā tenebras carceris sciat&#13;
et hęc quidē esse audiat s quia&#13;
ꝑ experimentū non nouit uera¬&#13;
citer ee̅&lt;note&gt;esse mit Häkchen&lt;/note&gt; diffidat ita in hac exilii&#13;
sui cęcitate nati homines dū esse&#13;
sūma et inuisibilia audiunt dif¬&#13;
fidunt anuęra sint quia sola&#13;
hęc in quibus nati sunt infima&#13;
et uisibilia nouerunt Unde&#13;
factū e̅ ut ipse inuisibiliū et uisi¬&#13;
biliū creator ad humani &lt;add&gt;generis&lt;/add&gt; redemp¬&#13;
tionē unigenitus patris ueniret&#13;
et sp̅m sc̅m ad corda nr̅a mitteret&#13;
quatenus ꝑ eū uiuificati credere¬&#13;
mus quę &lt;del&gt;hic&lt;/del&gt; scire ꝑ experi¬&#13;
mentū non possumus Quotquot&#13;
ergo hunc sc̅m hęreditatis nr̅ę&#13;
pignus accipimus de uita inui¬&#13;
sibiliū non dubitemus Quisquis&#13;
autē in hac credulitate adhuc&#13;
solidus non e̅ debet ꝓculdubio&#13;
maiorū dictis prębere fidē&#13;
eisq iam ꝑ sp̅m sc̅m inuisibiliū&#13;
experimentū habentib credere&#13;
quia stultus puer e̅ si matrē ideo&#13;
estimat deluce mentiri quia&#13;
ipse nihil aliud quā tenebras car¬&#13;
ceris agnouit &lt;seg&gt;fieri possit&lt;/seg&gt;&#13;
*15*Qđ nullus ꝑ semetipsū bonus&#13;
~Neminē esse ꝑ semetipsū bonū</Unicode>
            </TextEquiv>
        </TextRegion>
        <TextRegion id="rcgog_16" custom="readingOrder {index:4;} structure {type:footer;}">
            <Coords points="798,147 808,147 810,146 816,146 818,147 824,147 826,146 828,146 830,147 837,147 839,146 847,146 849,147 851,146 871,146 869,146 867,144 865,144 863,146 861,144 859,146 857,144 830,144 828,146 806,146 804,147"/>
            <TextEquiv>
                <Unicode></Unicode>
            </TextEquiv>
        </TextRegion>
        <TextRegion orientation="0.0" id="rBD5Z_14" custom="readingOrder {index:5;} structure {type:column_2;}">
            <Coords points="794,149 763,1456 1156,1456 1203,1492 1257,1442 1238,1022 1269,798 1238,488 1281,201 1261,171 1140,151"/>
            <TextLine id="rBD5Z_14l1" custom="readingOrder {index:0;}">
                <Coords points="803,200 851,213 959,200 1010,214 1062,198 1218,198 1217,163 1168,156 975,177 890,148 843,170 802,166"/>
                <Baseline points="808,194 833,194 858,194 883,194 909,194 934,194 959,193 985,193 1010,193 1035,193 1061,192 1086,192 1111,191 1137,191 1162,190 1187,189 1213,189"/>
                <TextEquiv>
                    <Unicode>nisi participationē sui ille donet</Unicode>
                </TextEquiv>
            </TextLine>
            <TextLine id="rBD5Z_14l2" custom="readingOrder {index:1;}">
                <Coords points="798,255 937,239 1101,258 1139,238 1222,241 1221,196 1174,214 1073,207 969,223 939,204 797,220"/>
                <Baseline points="803,239 828,239 854,239 880,238 906,238 932,238 958,237 984,237 1010,237 1035,237 1061,236 1087,236 1113,236 1139,236 1165,235 1191,235 1217,235"/>
                <TextEquiv>
                    <Unicode>qui solus e̅ bonus Nūquid nos de</Unicode>
                </TextEquiv>
            </TextLine>
            <TextLine id="rBD5Z_14l3" custom="readingOrder {index:2;}">
                <Coords points="803,297 931,306 983,290 1027,302 1061,287 1117,307 1175,291 1201,308 1230,295 1230,260 1198,250 956,266 920,245 803,262"/>
                <Baseline points="808,284 834,283 860,282 886,282 912,282 938,281 964,281 990,281 1016,281 1042,281 1068,281 1094,281 1120,281 1146,281 1172,280 1198,279 1225,279"/>
                <TextEquiv>
                    <Unicode>eorū post hęc rectū mentibus esti¬</Unicode>
                </TextEquiv>
            </TextLine>
            <TextLine id="rBD5Z_14l4" custom="readingOrder {index:3;}">
                <Coords points="790,342 855,332 932,347 949,334 1026,333 1097,349 1150,326 1195,343 1240,338 1240,308 1162,297 1037,310 970,296 950,311 897,300 790,312"/>
                <Baseline points="795,325 820,325 846,325 872,325 898,325 924,326 950,326 976,326 1002,326 1027,326 1053,326 1079,326 1105,325 1131,325 1157,325 1183,324 1209,323 1235,323"/>
                <TextEquiv>
                    <Unicode>memus qui sibi se putant deberi</Unicode>
                </TextEquiv>
            </TextLine>
            <TextLine id="rBD5Z_14l5" custom="readingOrder {index:4;}">
                <Coords points="794,376 846,388 878,376 918,396 962,380 1066,390 1225,373 1225,349 1146,340 794,348"/>
                <Baseline points="799,369 825,369 851,369 877,368 904,368 930,368 956,368 983,368 1009,368 1035,368 1062,368 1088,368 1114,368 1141,368 1167,368 1193,368 1220,367"/>
                <TextEquiv>
                    <Unicode>qđ boni sunt nec illū c̅siderant</Unicode>
                </TextEquiv>
            </TextLine>
            <TextLine id="rBD5Z_14l6" custom="readingOrder {index:5;}">
                <Coords points="794,424 970,417 1004,435 1079,416 1214,418 1213,381 1126,396 1102,384 1060,397 1030,384 937,397 793,390"/>
                <Baseline points="799,413 824,413 850,412 875,412 901,412 926,411 952,411 977,411 1003,411 1029,411 1054,411 1080,411 1105,411 1131,410 1156,410 1182,409 1208,408"/>
                <TextEquiv>
                    <Unicode>cuius cottidie gr̅am c̅secuntur</Unicode>
                </TextEquiv>
            </TextLine>
            <TextLine id="rBD5Z_14l7" custom="readingOrder {index:6;}">
                <Coords points="796,465 831,483 865,466 951,479 1078,458 1169,483 1237,455 1237,431 1203,416 1167,439 1102,423 1090,436 832,429 796,440"/>
                <Baseline points="801,457 826,457 851,457 877,457 902,456 927,456 953,456 978,456 1003,456 1029,456 1054,455 1079,455 1105,455 1130,454 1155,454 1181,453 1206,453 1232,452"/>
                <TextEquiv>
                    <Unicode>qui sine illo tantū se assequi posse</Unicode>
                </TextEquiv>
            </TextLine>
            <TextLine id="line_1666695760791_1642" custom="readingOrder {index:7;}">
                <Coords points="793,511 1022,518 1049,499 1099,514 1228,514 1228,480 1164,483 1114,461 1076,458 1043,482 939,486 908,470 831,483 793,463"/>
                <Baseline points="798,500 824,499 850,499 876,499 903,498 929,498 955,498 981,498 1008,498 1034,499 1060,499 1087,499 1113,499 1139,499 1165,499 1192,498 1218,498 1223,497"/>
                <TextEquiv>
                    <Unicode>*16*De eadem re &lt;seg&gt;c̅fidunt&lt;/seg&gt;&lt;note&gt;Satzzeichen prüfen&gt;/note&gt;</Unicode>
                </TextEquiv>
            </TextLine>
            <TextLine id="line_1666695763744_1649" custom="readingOrder {index:8;}">
                <Coords points="782,551 882,552 916,566 963,547 1026,563 1044,547 1087,544 1126,550 1146,570 1210,564 1200,518 1051,527 1012,511 888,526 781,500"/>
                <Baseline points="786,545 811,544 836,543 862,542 887,542 913,542 938,541 964,541 989,541 1015,541 1040,541 1066,541 1091,541 1117,541 1142,542 1168,542 1193,542 1204,542"/>
                <TextEquiv>
                    <Unicode>~Neminē etiā baptismatis gr̅a</Unicode>
                </TextEquiv>
            </TextLine>
            <TextLine id="rBD5Z_14l12" custom="readingOrder {index:9;}">
                <Coords points="797,597 842,609 854,597 928,606 995,590 1046,603 1105,590 1141,608 1182,589 1213,605 1213,568 1146,569 1090,545 1012,573 961,557 851,574 797,562"/>
                <Baseline points="802,588 827,587 852,586 878,586 903,586 928,586 954,586 979,586 1005,586 1030,586 1055,586 1081,586 1106,586 1131,586 1157,585 1182,585 1208,584"/>
                <TextEquiv>
                    <Unicode>renouatū idoneū ee̅&lt;note&gt;esse mit Häkchen&lt;/note&gt; &lt;add&gt;s dicim᷒&lt;/add&gt; ad superan¬</Unicode>
                </TextEquiv>
            </TextLine>
            <TextLine id="rBD5Z_14l13" custom="readingOrder {index:10;}">
                <Coords points="796,648 939,639 985,654 1038,636 1101,649 1187,636 1224,650 1224,611 1075,614 1052,599 947,617 919,603 796,602"/>
                <Baseline points="801,633 827,633 853,632 879,632 905,631 931,631 957,631 983,630 1010,630 1036,630 1062,630 1088,630 1114,630 1140,630 1166,630 1192,629 1219,629"/>
                <TextEquiv>
                    <Unicode>das diaboli insidias et ad euincen¬</Unicode>
                </TextEquiv>
            </TextLine>
            <TextLine id="rBD5Z_14l14" custom="readingOrder {index:11;}">
                <Coords points="791,680 861,680 893,695 926,678 957,688 980,677 999,694 1069,675 1213,683 1213,650 1186,636 1160,654 1079,641 1011,655 905,640 875,652 791,649"/>
                <Baseline points="796,676 821,675 847,674 873,673 899,672 924,672 950,671 976,671 1002,671 1027,670 1053,670 1079,670 1105,670 1130,670 1156,670 1182,670 1208,670"/>
                <TextEquiv>
                    <Unicode>das carnis concupiscentias nisi ꝑ</Unicode>
                </TextEquiv>
            </TextLine>
            <TextLine id="rBD5Z_14l15" custom="readingOrder {index:12;}">
                <Coords points="795,734 947,720 1116,739 1151,717 1172,731 1203,727 1203,690 1104,675 1074,690 973,688 960,699 885,697 873,685 825,701 794,695"/>
                <Baseline points="799,715 825,715 852,715 878,714 905,714 932,713 958,713 985,713 1011,713 1038,712 1065,712 1091,712 1118,712 1144,711 1171,711 1198,710"/>
                <TextEquiv>
                    <Unicode>cottidianū adiutoriū di̅ ꝑ seue¬</Unicode>
                </TextEquiv>
            </TextLine>
            <TextLine id="rBD5Z_14l16" custom="readingOrder {index:13;}">
                <Coords points="795,774 913,770 929,781 987,760 1185,766 1210,761 1210,735 942,742 884,727 857,742 795,744"/>
                <Baseline points="800,758 825,758 850,758 875,758 901,758 926,757 951,757 977,757 1002,757 1027,756 1053,756 1078,756 1103,756 1129,755 1154,755 1179,755 1205,755"/>
                <TextEquiv>
                    <Unicode>rantiā bonę conuersationis acce¬</Unicode>
                </TextEquiv>
            </TextLine>
            <TextLine id="rBD5Z_14l17" custom="readingOrder {index:14;}">
                <Coords points="792,817 893,827 933,812 975,831 1033,813 1064,827 1102,804 1142,820 1163,805 1237,808 1237,776 959,787 909,770 876,785 848,772 792,783"/>
                <Baseline points="797,801 822,802 848,802 873,802 899,802 924,801 950,801 976,801 1001,801 1027,800 1052,800 1078,800 1104,799 1129,799 1155,798 1180,798 1206,797 1232,796"/>
                <TextEquiv>
                    <Unicode>perit Nam quāuis hominē redi¬</Unicode>
                </TextEquiv>
            </TextLine>
            <TextLine id="rBD5Z_14l18" custom="readingOrder {index:15;}">
                <Coords points="786,849 969,869 1019,856 1099,865 1146,849 1177,869 1242,849 1242,809 1184,807 1133,828 1050,815 976,831 940,819 786,827"/>
                <Baseline points="791,845 817,845 843,846 869,846 895,846 922,846 948,845 974,845 1000,845 1027,844 1053,844 1079,844 1105,843 1132,843 1158,843 1184,843 1210,843 1237,843"/>
                <TextEquiv>
                    <Unicode>meret ap̄teritis ille peccatis tam̅</Unicode>
                </TextEquiv>
            </TextLine>
            <TextLine id="rBD5Z_14l19" custom="readingOrder {index:16;}">
                <Coords points="783,914 838,897 1023,910 1076,900 1124,914 1229,899 1228,872 1161,857 1069,877 1020,856 965,872 946,861 897,875 836,875 809,860 782,870"/>
                <Baseline points="787,891 812,890 838,890 863,890 889,890 915,889 940,889 966,889 992,889 1017,889 1043,889 1069,889 1094,889 1120,888 1146,888 1171,888 1197,888 1223,887"/>
                <TextEquiv>
                    <Unicode>sciens iterū posse peccare ad repa¬</Unicode>
                </TextEquiv>
            </TextLine>
            <TextLine id="rBD5Z_14l20" custom="readingOrder {index:17;}">
                <Coords points="782,948 829,937 984,943 1010,955 1024,945 1118,951 1176,944 1192,934 1192,914 1115,915 1075,901 969,921 922,906 782,916"/>
                <Baseline points="787,933 812,933 837,934 862,934 887,934 912,934 937,933 962,933 987,933 1012,933 1037,932 1062,932 1087,932 1112,931 1137,931 1162,931 1187,931"/>
                <TextEquiv>
                    <Unicode>rationē sibi que̅ ad modū posset</Unicode>
                </TextEquiv>
            </TextLine>
            <TextLine id="rBD5Z_14l21" custom="readingOrder {index:18;}">
                <Coords points="792,983 878,994 889,983 1009,979 1059,996 1081,984 1205,987 1205,941 1137,956 1053,947 1037,959 918,942 903,953 792,952"/>
                <Baseline points="797,973 822,973 847,974 872,974 897,974 922,974 948,974 973,973 998,973 1023,973 1048,973 1074,972 1099,972 1124,972 1149,972 1174,972 1200,973"/>
                <TextEquiv>
                    <Unicode>illū et post ista corrigere multa</Unicode>
                </TextEquiv>
            </TextLine>
            <TextLine id="rBD5Z_14l22" custom="readingOrder {index:19;}">
                <Coords points="784,1030 825,1017 908,1035 937,1022 989,1033 1041,1020 1073,1036 1178,1034 1202,1028 1202,990 784,992"/>
                <Baseline points="789,1013 814,1013 840,1013 865,1013 891,1014 916,1014 942,1014 967,1014 993,1014 1018,1014 1044,1013 1069,1013 1095,1013 1120,1013 1146,1013 1171,1014 1197,1014"/>
                <TextEquiv>
                    <Unicode>seruauit Cottidiana p̄stat ille</Unicode>
                </TextEquiv>
            </TextLine>
            <TextLine id="rBD5Z_14l23" custom="readingOrder {index:20;}">
                <Coords points="783,1061 1023,1080 1040,1066 1093,1081 1116,1066 1197,1067 1197,1039 1142,1028 1087,1041 1012,1023 957,1037 938,1022 917,1040 874,1025 783,1039"/>
                <Baseline points="788,1056 813,1056 838,1056 863,1056 889,1056 914,1056 939,1055 964,1055 990,1055 1015,1055 1040,1055 1065,1055 1091,1056 1116,1056 1141,1056 1166,1056 1192,1057"/>
                <TextEquiv>
                    <Unicode>remedia Quib nisi freti c̅fisiq</Unicode>
                </TextEquiv>
            </TextLine>
            <TextLine id="rBD5Z_14l24" custom="readingOrder {index:21;}">
                <Coords points="783,1113 843,1122 915,1104 981,1122 1045,1105 1126,1105 1177,1118 1197,1110 1197,1075 783,1083"/>
                <Baseline points="788,1097 813,1097 838,1098 863,1098 889,1098 914,1098 939,1098 964,1098 990,1098 1015,1098 1040,1097 1065,1097 1091,1097 1116,1097 1141,1097 1166,1097 1192,1096"/>
                <TextEquiv>
                    <Unicode>nitamur nullatenus humanos</Unicode>
                </TextEquiv>
            </TextLine>
            <TextLine id="rBD5Z_14l25" custom="readingOrder {index:22;}">
                <Coords points="784,1140 872,1157 1167,1148 1167,1113 1101,1126 1036,1111 946,1126 784,1120"/>
                <Baseline points="789,1139 815,1139 842,1139 868,1139 895,1139 922,1139 948,1139 975,1139 1002,1139 1028,1139 1055,1139 1082,1139 1108,1139 1135,1138 1162,1137"/>
                <TextEquiv>
                    <Unicode>uincere poterimus errores</Unicode>
                </TextEquiv>
            </TextLine>
            <TextLine id="rBD5Z_14l26" custom="readingOrder {index:23;}">
                <Coords points="765,1190 802,1187 818,1203 930,1189 951,1200 1050,1190 1073,1208 1122,1190 1223,1199 1223,1155 1199,1166 1099,1152 1072,1167 1006,1149 933,1166 765,1147"/>
                <Baseline points="770,1182 796,1181 822,1181 849,1181 875,1180 901,1180 928,1180 954,1180 980,1180 1007,1180 1033,1180 1059,1181 1086,1181 1112,1181 1138,1181 1165,1181 1191,1182 1218,1182"/>
                <TextEquiv>
                    <Unicode>#Necesse e̅ enī ut quo auxiliante uin¬</Unicode>
                </TextEquiv>
            </TextLine>
            <TextLine id="rBD5Z_14l27" custom="readingOrder {index:24;}">
                <Coords points="759,1238 783,1224 841,1245 871,1232 931,1247 1058,1231 1164,1243 1282,1222 1282,1198 1248,1190 1213,1211 1125,1195 918,1207 759,1190"/>
                <Baseline points="764,1226 790,1226 816,1225 842,1225 868,1225 894,1225 920,1225 946,1225 972,1225 998,1225 1025,1225 1051,1225 1077,1226 1103,1226 1129,1226 1155,1226 1181,1226 1207,1226 1233,1225 1277,1226"/>
                <TextEquiv>
                    <Unicode>cimus eo iterū n̅ adiuuante uincam</Unicode>
                </TextEquiv>
            </TextLine>
            <TextLine id="rBD5Z_14l28" custom="readingOrder {index:25;}">
                <Coords points="780,1267 826,1266 853,1278 871,1266 941,1284 960,1271 976,1275 976,1236 961,1246 944,1241 911,1249 878,1236 862,1246 834,1239 817,1246 795,1229 780,1233"/>
                <Baseline points="785,1263 811,1262 838,1262 864,1262 891,1262 917,1262 944,1262 971,1262"/>
                <TextEquiv>
                    <Unicode>*17*De eadem re</Unicode>
                </TextEquiv>
            </TextLine>
            <TextLine id="line_1666695776502_1663" custom="readingOrder {index:26;}">
                <Coords points="808,1327 950,1330 1071,1310 1200,1324 1229,1311 1229,1273 1133,1289 1086,1270 1048,1285 960,1272 916,1286 891,1270 858,1280 808,1268"/>
                <Baseline points="813,1306 839,1306 865,1305 892,1305 918,1305 944,1305 971,1305 997,1306 1023,1306 1050,1306 1076,1307 1102,1307 1129,1307 1155,1307 1181,1306 1208,1306 1224,1305"/>
                <TextEquiv>
                    <Unicode>~Quod ita ds̅ in cordib hominū</Unicode>
                </TextEquiv>
            </TextLine>
            <TextLine id="rBD5Z_14l30" custom="readingOrder {index:27;}">
                <Coords points="801,1366 913,1355 955,1367 999,1353 1217,1363 1217,1328 1206,1324 1135,1327 1119,1316 1075,1335 1006,1316 946,1335 880,1335 801,1319"/>
                <Baseline points="806,1349 831,1349 856,1349 882,1349 907,1349 932,1349 958,1349 983,1349 1009,1349 1034,1349 1059,1349 1085,1349 1110,1349 1135,1349 1161,1349 1186,1349 1212,1348"/>
                <TextEquiv>
                    <Unicode>atq in ipso libero operetur</Unicode>
                </TextEquiv>
            </TextLine>
            <TextLine id="rBD5Z_14l31" custom="readingOrder {index:28;}">
                <Coords points="782,1399 858,1396 921,1414 984,1400 1050,1417 1117,1398 1168,1414 1226,1395 1226,1366 1053,1373 985,1360 963,1372 922,1358 906,1373 833,1364 782,1375"/>
                <Baseline points="787,1389 812,1389 838,1390 863,1390 889,1391 914,1391 940,1391 965,1392 991,1392 1016,1392 1042,1392 1067,1392 1093,1392 1118,1391 1144,1390 1169,1390 1195,1389 1221,1387"/>
                <TextEquiv>
                    <Unicode>arbitrio ut sc̅a cogitatio pium</Unicode>
                </TextEquiv>
            </TextLine>
            <TextLine id="rBD5Z_14l32" custom="readingOrder {index:29;}">
                <Coords points="787,1444 819,1458 875,1441 1002,1460 1050,1446 1108,1457 1133,1441 1219,1453 1219,1411 1142,1417 1124,1405 1041,1422 1004,1406 961,1421 868,1404 787,1408"/>
                <Baseline points="792,1435 818,1434 844,1435 871,1435 897,1435 923,1435 950,1436 976,1436 1003,1436 1029,1437 1055,1437 1082,1437 1108,1437 1134,1437 1161,1436 1187,1436 1214,1435"/>
                <TextEquiv>
                    <Unicode>consiliū omnisq motus bonę uo¬</Unicode>
                </TextEquiv>
            </TextLine>
            <TextEquiv>
                <Unicode>nisi participationē sui ille donet&#13;
qui solus e̅ bonus Nūquid nos de&#13;
eorū post hęc rectū mentibus esti¬&#13;
memus qui sibi se putant deberi&#13;
qđ boni sunt nec illū c̅siderant&#13;
cuius cottidie gr̅am c̅secuntur&#13;
qui sine illo tantū se assequi posse&#13;
*16*De eadem re &lt;seg&gt;c̅fidunt&lt;/seg&gt;&lt;note&gt;Satzzeichen prüfen&gt;/note&gt;&#13;
~Neminē etiā baptismatis gr̅a&#13;
renouatū idoneū ee̅&lt;note&gt;esse mit Häkchen&lt;/note&gt; &lt;add&gt;s dicim᷒&lt;/add&gt; ad superan¬&#13;
das diaboli insidias et ad euincen¬&#13;
das carnis concupiscentias nisi ꝑ&#13;
cottidianū adiutoriū di̅ ꝑ seue¬&#13;
rantiā bonę conuersationis acce¬&#13;
perit Nam quāuis hominē redi¬&#13;
meret ap̄teritis ille peccatis tam̅&#13;
sciens iterū posse peccare ad repa¬&#13;
rationē sibi que̅ ad modū posset&#13;
illū et post ista corrigere multa&#13;
seruauit Cottidiana p̄stat ille&#13;
remedia Quib nisi freti c̅fisiq&#13;
nitamur nullatenus humanos&#13;
uincere poterimus errores&#13;
#Necesse e̅ enī ut quo auxiliante uin¬&#13;
cimus eo iterū n̅ adiuuante uincam&#13;
*17*De eadem re&#13;
~Quod ita ds̅ in cordib hominū&#13;
atq in ipso libero operetur&#13;
arbitrio ut sc̅a cogitatio pium&#13;
consiliū omnisq motus bonę uo¬</Unicode>
            </TextEquiv>
        </TextRegion>
        <TextRegion id="ry5Hf_8" custom="readingOrder {index:6;} structure {type:chapter_count;}">
            <Coords points="1244,470 1244,483 1240,488 1244,513 1250,513 1259,508 1285,508 1294,511 1328,511 1339,515 1341,519 1351,519 1363,504 1359,501 1359,492 1355,486 1355,477 1351,475 1351,466 1341,466 1335,459 1322,459 1320,456 1310,456 1308,452 1306,456 1304,452 1302,456 1300,452 1287,452 1281,448 1271,452 1269,448 1259,448"/>
            <TextLine id="line_1666695827359_1704" custom="readingOrder {index:0;}">
                <Coords points="1247,500 1254,500 1257,504 1264,502 1272,507 1282,501 1294,502 1306,495 1313,495 1314,476 1302,474 1298,476 1288,469 1281,470 1280,468 1268,479 1265,479 1253,469 1248,469"/>
                <Baseline points="1252,496 1308,499"/>
                <TextEquiv>
                    <Unicode>*16*xvi</Unicode>
                </TextEquiv>
            </TextLine>
            <TextEquiv>
                <Unicode>*16*xvi</Unicode>
            </TextEquiv>
        </TextRegion>
        <TextRegion id="rHVc2_3" custom="readingOrder {index:7;} structure {type:Inskription;}">
            <Coords points="1244,515 1244,562 1253,580 1255,598 1273,607 1281,620 1281,616 1289,614 1291,607 1292,611 1292,605 1298,602 1337,598 1351,603 1363,598 1363,575 1347,558 1347,551 1343,551 1345,537 1347,540 1347,520 1328,513 1294,513 1285,510 1259,510"/>
            <TextLine id="line_1666695832461_1710" custom="readingOrder {index:0;}">
                <Coords points="1246,550 1285,559 1302,558 1312,563 1326,559 1334,564 1349,561 1359,567 1361,529 1347,530 1332,516 1318,513 1312,507 1282,514 1266,503 1258,505 1249,500"/>
                <Baseline points="1252,543 1355,548"/>
                <TextEquiv>
                    <Unicode>*16*Ex decr̅ ei᷒dē</Unicode>
                </TextEquiv>
            </TextLine>
            <TextEquiv>
                <Unicode>*16*Ex decr̅ ei᷒dē</Unicode>
            </TextEquiv>
        </TextRegion>
        <TextRegion id="rYSRD_7" custom="readingOrder {index:8;} structure {type:chapter_count;}">
            <Coords points="1343,1224 1339,1220 1337,1224 1326,1224 1324,1220 1310,1218 1304,1224 1294,1224 1291,1227 1279,1229 1267,1227 1263,1224 1261,1227 1255,1227 1253,1231 1246,1231 1238,1242 1242,1276 1251,1272 1322,1272 1335,1276 1339,1279 1347,1279 1347,1274 1351,1272 1355,1265 1355,1252 1347,1240 1347,1234 1343,1233"/>
            <TextLine id="line_1666695784991_1673" custom="readingOrder {index:0;}">
                <Coords points="1242,1273 1254,1271 1260,1275 1266,1270 1274,1272 1278,1269 1283,1274 1288,1274 1298,1266 1305,1270 1312,1268 1312,1245 1297,1250 1282,1242 1275,1248 1261,1241 1251,1231 1242,1231"/>
                <Baseline points="1247,1266 1307,1266"/>
                <TextEquiv>
                    <Unicode>*17*xvii</Unicode>
                </TextEquiv>
            </TextLine>
            <TextEquiv>
                <Unicode>*17*xvii</Unicode>
            </TextEquiv>
        </TextRegion>
        <TextRegion id="rDS3s_2" custom="readingOrder {index:9;} structure {type:Inskription;}">
            <Coords points="1343,1281 1322,1274 1251,1274 1244,1278 1240,1285 1240,1317 1244,1321 1244,1343 1248,1353 1257,1359 1263,1355 1269,1357 1281,1371 1283,1366 1291,1361 1292,1362 1294,1353 1302,1350 1312,1350 1312,1346 1318,1341 1320,1343 1322,1337 1324,1339 1324,1334 1328,1334 1330,1328 1332,1330 1332,1325 1335,1325 1337,1319 1339,1321 1339,1314 1343,1314 1347,1306 1349,1296"/>
            <TextLine id="line_1666695790259_1679" custom="readingOrder {index:0;}">
                <Coords points="1245,1328 1275,1338 1287,1328 1304,1336 1316,1322 1326,1322 1341,1306 1355,1302 1354,1268 1345,1266 1339,1271 1333,1268 1322,1277 1308,1273 1292,1285 1257,1273 1244,1278"/>
                <Baseline points="1250,1305 1350,1302"/>
                <TextEquiv>
                    <Unicode>*17*Ex decr̅ ei᷒dē</Unicode>
                </TextEquiv>
            </TextLine>
            <TextEquiv>
                <Unicode>*17*Ex decr̅ ei᷒dē</Unicode>
            </TextEquiv>
        </TextRegion>
    </Page>
</PcGts>
